ProductName,Revenue,CumRevenue,CumPercent
Popcorn Holder,587433.94,587433.94,0.9610676163322033
World War 2 Gliders Asstd Designs,569735.39,1157169.33,1.8931796308463773
Cream Hanging Heart T-Light Holder,484592.69,1641762.02,2.685994464579529
Assorted Colour Bird Ornament,421318.74,2063080.76,3.375290348926776
Pack Of 72 Retrospot Cake Cases,391485.02999999997,2454565.79,4.015776978984006
Rabbit Night Light,329029.89,2783595.68,4.554084268624688
Regency Cakestand 3 Tier,307483.85,3091079.5300000003,5.057141294543464
Jumbo Bag Red Retrospot,297205.04,3388284.5700000003,5.543381737774778
Mini Paint Set Vintage,287001.66,3675286.2300000004,6.012929005097443
Party Bunting,286596.09,3961882.3200000003,6.481812742163145
Victorian Glass Hanging T-Light,274287.34,4236169.66,6.930558825925177
Pack Of 12 London Tissues,271027.14,4507196.8,7.3739710799075295
Pack Of 60 Pink Paisley Cake Cases,264629.4,4771826.2,7.806916351454865
Assorted Colours Silk Fan,261513.88,5033340.08,8.234764496029872
Red Harmonica In Box,246003.47,5279343.55,8.637236931521684
Brocade Ring Purse,239794.0,5519137.55,9.029550402532168
Paper Chain Kit 50'S Christmas,234414.31,5753551.859999999,9.413062465430437
Antique Silver T-Light Glass,216858.23,5970410.09,9.767852013661377
Heart Of Wicker Small,210920.39,6181330.4799999995,10.112926995970296
Charlotte Bag Suki Design,205303.99,6386634.47,10.448813302254864
Red Retrospot Charlotte Bag,195144.64,6581779.109999999,10.768078467636363
60 Teatime Fairy Cake Cases,194570.86,6776349.97,11.086404903844505
Jam Making Set Printed,186081.61,6962431.58,11.390842555788753
Grow A Flytrap Or Sunflower In Tin,182585.03,7145016.61,11.689559649935617
Colour Glass T-Light Holder Hanging,176898.36000000002,7321914.970000001,11.978973103264988
Spaceboy Lunch Box,167810.62,7489725.590000001,12.25351861651645
Jumbo Storage Bag Suki,167595.75,7657321.340000001,12.527712593050914
60 Cake Cases Vintage Christmas,165752.19,7823073.530000001,12.798890424800204
Red Toadstool Led Night Light,162855.84,7985929.370000001,13.065329701282218
Pack Of 72 Skull Cake Cases,162807.86,8148737.230000001,13.331690480385902
Place Setting White Heart,158849.91,8307587.1400000015,13.591575880194918
Vintage Snap Cards,155924.96,8463512.100000001,13.846675933885882
Jumbo Shopper Vintage Red Paisley,152721.83,8616233.930000002,14.096535526813032
Hanging Jam Jar T-Light Holders,149265.48,8765499.410000002,14.340740379982195
Gin And Tonic Diet Metal Sign,149189.74,8914689.150000002,14.584821319198989
Woodland Charlotte Bag,148994.89,9063684.040000003,14.828583475294325
Chilli Lights,148111.07,9211795.110000003,15.070899663217197
Homemade Jam Scented Candles,145715.87,9357510.980000002,15.30929719918979
Set/20 Red Retrospot Paper Napkins,144500.24,9502011.220000003,15.545705911318734
Black Record Cover Frame,143859.82,9645871.040000003,15.781066868319925
Please One Person Metal Sign,143344.4,9789215.440000003,16.01558457566004
Hanging Heart Jar T-Light Holder,142658.35,9931873.790000003,16.24897987519684
Girls Alphabet Iron On Patches,142190.93,10074064.720000003,16.481610455171776
Set Of 4 Pantry Jelly Moulds,141737.43,10215802.150000002,16.713499089313604
72 Sweetheart Fairy Cake Cases,141621.24,10357423.390000002,16.945197631534047
Dolly Girl Lunch Box,140121.58,10497544.970000003,17.174442664409234
Small Chinese Style Scissor,138560.84,10636105.810000002,17.401134258387934
Lunch Box I Love London,136932.77,10773038.580000002,17.625162258645574
Strawberry Ceramic Trinket Pot,133443.52000000002,10906482.100000001,17.843481693306394
Jumbo Bag Pink Polkadot,131794.42,11038276.520000001,18.05910312824644
Travel Card Wallet Keep Calm,131713.49,11169990.010000002,18.27459215816714
Pack Of 60 Dinosaur Cake Cases,131548.55,11301538.560000002,18.489811339034453
Spotty Bunting,128130.8,11429669.360000003,18.69943893143189
Paper Chain Kit Vintage Christmas,127955.44,11557624.800000003,18.90877962720023
Roses Regency Teacup And Saucer,127397.49,11685022.290000003,19.117207492367513
Jumbo Bag Vintage Doily,127112.81,11812135.100000003,19.325169608604767
Set Of 60 Pantry Design Cake Cases,126214.31999999999,11938349.420000004,19.53166175590799
Heart Of Wicker Large,125203.86,12063553.280000003,19.736500746460337
Pink Blue Felt Craft Trinket Box,124414.97,12187968.250000004,19.94004907847184
Bubblegum Ring Assorted,122837.90000000001,12310806.150000004,20.14101725499268
Jam Making Set With Jars,121546.22,12432352.370000005,20.339872186543946
Disco Ball Christmas Decoration,121424.39,12553776.760000005,20.538527798887166
Fairy Cake Flannel Assorted Colour,120491.89,12674268.650000006,20.73565780044898
Lunch Bag Red Retrospot,118894.06,12793162.710000006,20.930173682252235
Cook With Wine Metal Sign,118772.52,12911935.230000006,21.124490719300127
Doughnut Lip Gloss,114517.66,13026452.890000006,21.31184661930846
Natural Slate Heart Chalkboard,114516.09,13140968.980000006,21.499199950728134
Wooden Picture Frame White Finish,113157.81,13254126.790000007,21.684331076665583
Set Of 3 Cake Tins Pantry Design,112485.15,13366611.940000007,21.868361701425314
Multi Colour Silver T-Light Holder,112226.62999999999,13478838.570000008,22.051969376159082
Aged Glass Silver T-Light Holder,111306.84,13590145.410000008,22.234072234227295
Rotating Silver Angels T-Light Hldr,109835.88,13699981.290000008,22.413768537405407
Red Retrospot Wrap,109823.18,13809804.470000008,22.593444062828095
Strawberry Charlotte Bag,108944.32,13918748.790000008,22.771681734855242
6 Ribbons Rustic Charm,108723.77,14027472.560000008,22.949558577436978
Round Snack Boxes Set Of4 Woodland,108640.4,14136112.960000008,23.127299023052664
"Assorted Flower Colour ""Leis""",108380.4,14244493.360000009,23.304614097297662
Charlotte Bag Pink Polkadot,107003.32,14351496.680000009,23.479676208438246
Recipe Box Pantry Yellow Design,106598.11,14458094.790000008,23.654075378297616
Jumbo Bag Strawberry,105695.66,14563790.450000009,23.826998100489764
Cream Heart Card Holder,105670.6,14669461.050000008,23.99987982342595
Wooden Heart Christmas Scandinavian,103833.64,14773294.690000009,24.169756199465606
Alarm Clock Bakelike Red,101488.39,14874783.08000001,24.33579564393947
Soldiers Egg Cup,101269.82,14976052.90000001,24.501477498334523
Pack Of 12 Traditional Crayons,100956.14,15077009.04000001,24.666646158531275
Paper Bunting Retrospot,100043.69,15177052.73000001,24.830322010623476
Clothes Pegs Retrospot Pack 24,100000.51,15277053.24000001,24.993927218347267
Red Hanging Heart T-Light Holder,99763.99,15376817.23000001,25.15714546900723
Wooden Star Christmas Scandinavian,99157.81999999999,15475975.05000001,25.31937199903731
Pens Assorted Funny Face,99057.31999999999,15575032.37000001,25.48143410667218
Hanging Heart Zinc T-Light Holder,98954.81999999999,15673987.19000001,25.643328519824376
Gardeners Kneeling Pad Keep Calm,98100.29,15772087.48000001,25.803824884525056
Gumball Coat Rack,97446.22,15869533.70000001,25.963251162101024
Bag 125g Swirly Marbles,97365.66,15966899.36000001,26.122545639993824
Antique Silver Tea Glass Engraved,96333.86,16063233.22000001,26.28015204796249
Hand Warmer Owl Design,96300.56000000001,16159533.78000001,26.437703975674832
Set/6 Red Spotty Paper Plates,96236.06999999999,16255769.85000001,26.595150394926808
Set Of 20 Vintage Christmas Napkins,95762.18,16351532.03000001,26.75182150941395
Green Regency Teacup And Saucer,94643.21,16446175.240000011,26.906661940044724
Hand Over The Chocolate Sign,93937.55,16540112.790000012,27.060347880054568
Plasters In Tin Spaceboy,93477.83,16633590.620000012,27.21328169803929
Wood Black Board Ant White Finish,93318.3,16726908.920000013,27.365954517967218
Set Of 3 Regency Cake Tins,92427.67,16819336.590000015,27.517170228264856
Funky Diva Pen,92334.16,16911670.750000015,27.668232952112984
Jumbo Bag Apples,92152.24,17003822.990000013,27.818998046885127
Pack Of 12 Hearts Design Tissues,92131.5,17095954.490000013,27.969729210110238
Rain Poncho Retrospot,90997.6,17186952.090000015,28.11860526334603
Traditional Wooden Skipping Rope,90623.83,17277575.920000013,28.26686981251558
Plasters In Tin Woodland Animals,90600.81999999999,17368176.740000013,28.415096716318832
Ice Cream Sundae Lip Gloss,90539.40000000001,17458716.14000001,28.56322313431597
Doormat Keep Calm And Come In,90494.72,17549210.86000001,28.711276453879098
Wrap Vintage Leaf Design,90260.68,17639471.54000001,28.858946873766865
Wooden Frame Antique White,90183.79,17729655.33000001,29.006491498251965
Set Of 12 Fairy Cake Baking Cases,89898.58,17819553.910000008,29.153569506703857
Asstd Design 3d Paper Stickers,89577.84,17909131.750000007,29.300122770488695
Popart Wooden Pencils Asst,89534.0,17998665.750000007,29.44660431011626
Hot Baths Metal Sign,89466.84,18088132.590000007,29.59297597304669
Fancy Fonts Birthday Wrap,89464.5,18177597.090000007,29.739343807634786
Pack Of 60 Spaceboy Cake Cases,88993.94,18266591.03000001,29.88494178548369
T-Light Glass Fluted Antique,88615.89,18355206.92000001,30.02992125699917
Vintage Heads And Tails Card Game,88348.06,18443554.980000008,30.174462546921525
Alarm Clock Bakelike Green,87975.45,18531530.430000007,30.31839423058838
Round Snack Boxes Set Of 4 Fruits,87047.07,18618577.500000007,30.460807043974004
Chocolate Hot Water Bottle,86992.26,18705569.76000001,30.603130185802605
Charlotte Bag Apples Design,86453.24,18792023.000000007,30.744571467338012
Jumbo Bag Baroque Black White,85872.79,18877895.790000007,30.885063107288364
Blue Harmonica In Box,85749.57,18963645.360000007,31.02535315392988
Traditional Modelling Clay,85678.55,19049323.910000008,31.165527008745453
Spaceboy Birthday Card,85062.73,19134386.640000008,31.304693355109116
Coloured Glass Star T-Light Holder,84995.62,19219382.26000001,31.44374990657783
Recycling Bag Retrospot,84966.0,19304348.26000001,31.582757998431155
Wrap Alphabet Design,84653.68,19389001.94000001,31.721255121105663
Set Of 60 I Love London Cake Cases,84549.85,19473551.79000001,31.85958237335933
Set Of 6 Spice Tins Pantry Design,84527.17,19558078.960000012,31.99787252014113
Box Of 24 Cocktail Parasols,84450.07,19642529.030000012,32.13603652795108
Jumbo Bag Alphabet,83023.38,19725552.41000001,32.271866408526996
Pink Cream Felt Craft Trinket Box,82778.8,19808331.210000012,32.4072961455266
Gingerbread Man Cookie Cutter,82299.33,19890630.54000001,32.54194144863734
Hot Water Bottle Tea And Sympathy,81803.05,19972433.59000001,32.67577481596406
Set/5 Red Retrospot Lid Glass Bowls,81387.7,20053821.29000001,32.808928652526106
Regency Tea Plate Roses,80728.18,20134549.47000001,32.941003485525094
60 Cake Cases Dolly Girl Design,80210.95,20214760.42000001,33.07223210762385
Pack Of 12 Suki Tissues,79420.19,20294180.61000001,33.20216701177996
Hot Water Bottle Keep Calm,78899.81,20373080.42000001,33.33125055149809
Lunch Bag Vintage Doily,78893.84,20451974.26000001,33.46032432403513
Jumbo Storage Bag Skulls,77748.69,20529722.95000001,33.58752458109084
Set/6 Red Spotty Paper Cups,77671.51,20607394.460000012,33.714598568291215
Gardeners Kneeling Pad Cup Of Tea,77304.25,20684698.710000012,33.841071702070046
Large Circular Mirror Mobile,76813.28,20761511.990000013,33.96674158745709
Ice Cream Pen Lip Gloss,76640.79000000001,20838152.780000012,34.09212927166055
Wrap English Rose,76421.18,20914573.960000012,34.21715766429973
Hand Warmer Scotty Dog Design,76399.51000000001,20990973.470000014,34.3421506038712
Wrap Vintage Doily,76300.61,21067274.080000013,34.46698173871743
12 Pencils Small Tube Skull,76174.92,21143449.000000015,34.5916072392268
Lunch Bag Suki Design,76084.23,21219533.230000015,34.71608436693
Polkadot Pen,76064.34,21295597.570000015,34.840528953723336
Clear Drawer Knob Acrylic Edwardian,76047.49,21371645.060000014,34.964945973179766
Set 12 Kids Colour Chalk Sticks,76033.62,21447678.680000015,35.089340300709615
Set/10 Red Polkadot Party Candles,75795.41,21523474.090000015,35.213344906261725
Feltcraft 6 Flower Friends,74988.75,21598462.840000015,35.33602978077584
Pink Regency Teacup And Saucer,74890.08,21673352.920000013,35.458553226854775
Lunch Bag Black Skull,74396.92,21747749.840000015,35.580269841606146
Gingham Heart Decoration,74289.37,21822039.210000016,35.701810499853984
Hand Warmer Bird Design,74053.21,21896092.420000017,35.82296479001374
Childrens Cutlery Polkadot Pink,73626.62,21969719.040000018,35.94342116027726
Blue Polkadot Wrap,73414.11,22043133.150000017,36.063529854886994
Regency Tea Plate Green,73245.19,22116378.34000002,36.18336218898927
Lunch Bag Apple Design,73183.2,22189561.540000018,36.30309310474052
Alarm Clock Bakelike Pink,72782.67,22262344.21000002,36.42216873589522
Feltcraft Butterfly Hearts,72525.2,22334869.41000002,36.54082313486988
Lunch Bag Cars Blue,72079.05,22406948.46000002,36.65874761293288
Dinosaur Keyrings Assorted,71991.04000000001,22478939.50000002,36.7765281027869
10 Colour Spaceboy Pen,71972.51,22550912.01000002,36.89427827675053
Pack Of 20 Napkins Pantry Design,71924.35,22622836.36000002,37.01194965884798
Wooden Box Of Dominoes,71736.94,22694573.300000023,37.129314429989336
Baking Set 9 Piece Retrospot,70981.5,22765554.800000023,37.24544326825273
Set Of Tea Coffee Sugar Tins Pantry,70910.44,22836465.240000024,37.361455849248415
Jumbo Bag Owls,70578.28,22907043.520000026,37.47692500195762
Pack Of 12 Red Retrospot Tissues,70499.44,22977542.960000027,37.592265168978884
Plasters In Tin Circus Parade,70422.19,23047965.15000003,37.70747895162173
12 Pencils Small Tube Red Retrospot,70088.93,23118054.080000028,37.82214750632998
Plasters In Tin Strongman,69837.39,23187891.47000003,37.936404530597535
Traditional Knitting Nancy,69797.31,23257688.780000027,38.05059598223225
Single Heart Zinc T-Light Holder,69471.27,23327160.050000027,38.16425401816812
Spaceboy Gift Wrap,69437.36,23396597.410000026,38.277856575860994
Pack Of 6 Birdy Gift Tags,69091.82,23465689.230000027,38.39089381500222
Christmas Pudding Trinket Pot,68827.6,23534516.830000028,38.50349877866821
Doormat Red Retrospot,68775.81,23603292.640000027,38.616019011629234
Paper Chain Kit Empire,68597.46,23671890.100000028,38.72824745619042
Jumbo Bag Pink Vintage Paisley,68407.16,23740297.260000028,38.84016456162912
Paper Pocket Traveling Fan,68153.68000000001,23808450.940000027,38.951666962702284
N0 Singing Metal Sign,67985.38,23876436.320000026,39.062894017615115
Set Of 3 Heart Cookie Cutters,67894.65000000001,23944330.970000025,39.17397263428
Sweetheart Ceramic Trinket Box,67785.26000000001,24012116.230000027,39.28487228412091
Jumbo Bag Vintage Leaf,67682.19,24079798.420000028,39.3956033069342
Zinc Metal Heart Decoration,67676.84,24147475.260000028,39.50632557691352
Bathroom Metal Sign,67674.54,24215149.800000027,39.617044083992255
Wooden School Colouring Set,67373.41,24282523.210000027,39.72726992922154
Grand Chocolatecandle,67281.11,24349804.320000026,39.83734476761424
Red Woolly Hottie White Heart,67210.1,24417014.420000028,39.947303430541425
Scottie Dog Hot Water Bottle,66809.3,24483823.72000003,40.05660636714026
Set Of 3 Butterfly Cookie Cutters,66486.13,24550309.850000028,40.165380583485764
Set Of 72 Retrospot Paper Doilies,66414.52,24616724.370000027,40.27403764273952
Pink Polkadot Wrap,66315.5,24683039.870000027,40.3825327009428
Set Of 12 Mini Loaf Baking Cases,65839.56,24748879.430000026,40.49024910049158
Retrospot Tea Set Ceramic 11 Pc,65585.11,24814464.540000025,40.59754920871241
Jumbo Bag 50'S Christmas,65364.3,24879828.840000026,40.704488062116454
Edwardian Parasol Natural,65214.770000000004,24945043.610000025,40.81118227790105
Childrens Cutlery Retrospot Red,64694.1,25009737.710000027,40.917024654794965
Jumbo Bag Scandinavian Blue Paisley,64544.26,25074281.97000003,41.02262188689587
Set Of 3 Notebooks In Parcel,64062.49,25138344.460000027,41.12743092220732
Set 2 Tea Towels I Love London,64059.130000000005,25202403.590000026,41.23223446041182
Set Of 60 Vintage Leaf Cake Cases,63932.5,25266336.090000026,41.33683082639837
Red Stripe Ceramic Drawer Knob,63803.280000000006,25330139.370000027,41.441215782813686
Balloon Water Bomb Pack Of 35,63545.619999999995,25393684.99000003,41.54517919620065
Doormat Union Flag,63469.57,25457154.56000003,41.64901818846169
Lunch Bag Spaceboy Design,63073.75,25520228.31000003,41.75220960189216
Lunch Bag Pink Polkadot,62937.700000000004,25583166.010000028,41.8551784315727
Charlotte Bag Vintage Alphabet,62688.49,25645854.500000026,41.95773954279444
Small Ceramic Top Storage Jar,62584.91,25708439.410000026,42.06013119260628
Heart Filigree Dove Small,62542.04,25770981.450000025,42.16245270522325
Doormat New England,62417.14,25833398.590000026,42.264569875977934
Home Sweet Home Mug,62093.5,25895492.090000026,42.36615755753873
Save The Planet Mug,61688.020000000004,25957180.110000025,42.4670818560865
Revolver Wooden Ruler,61635.229999999996,26018815.340000026,42.567919787885586
Jumbo Bag Woodland Animals,61368.94,26080184.280000027,42.66832205759891
Travel Sewing Kit,61079.96,26141264.24000003,42.768251543394136
Doormat Fairy Cake,61015.39,26202279.63000003,42.8680753898455
Wrap Pink Fairy Cakes,60965.75,26263245.38000003,42.96781802308593
Blue Stripe Ceramic Drawer Knob,60816.700000000004,26324062.080000028,43.06731680400791
Skulls And Crossbones Wrap,60816.5,26384878.580000028,43.16681525772113
Pens Assorted Spaceball,60759.43,26445638.010000028,43.26622034241849
36 Doilies Vintage Christmas,60721.52,26506359.530000027,43.365563404697916
Essential Balm 35g Tin In Envelope,60706.89,26567066.420000028,43.46488253165752
Lunch Bag Woodland,60390.630000000005,26627457.050000027,43.563684243425996
Black Heart Card Holder,60381.1,26687838.15000003,43.66247036369769
Set/10 Pink Polkadot Party Candles,60349.83,26748187.980000027,43.76120532488185
Paper Chain Kit Retrospot,59962.78,26808150.760000028,43.85930705533898
Chinese Dragon Paper Lanterns,59147.7,26867298.460000027,43.95607527926988
Set Of 4 Knick Knack Tins Doily,57897.51,26925195.97000003,44.05079813768571
Christmas Hanging Star With Bell,57823.71000000001,26983019.68000003,44.145400256074005
White Spot Red Ceramic Drawer Knob,57812.94,27040832.62000003,44.2399847542713
Red Retrospot Bowl,57794.09,27098626.71000003,44.33453841304421
Feltcraft Doll Molly,57395.39000000001,27156022.10000003,44.42843978118062
Pack Of 12 Woodland Tissues,57374.29,27213396.39000003,44.52230662879424
Hand Warmer Babushka Design,57366.76,27270763.150000032,44.616161156998565
Charlotte Bag Dolly Girl Design,56914.04,27327677.19000003,44.70927501548388
Zinc Folkart Sleigh Bells,56876.28,27384553.470000032,44.80232709695783
Cacti T-Light Candles,56876.24,27441429.71000003,44.89537911299003
Doormat Hearts,56676.62,27498106.33000003,44.98810454197217
Blue Vintage Spot Beaker,56409.189999999995,27554515.520000033,45.08039244377868
Card Billboard Font,56352.18,27610867.700000033,45.17258707473194
Vintage Union Jack Memoboard,56211.94,27667079.640000034,45.264552266912034
White Skull Hot Water Bottle,56174.64,27723254.280000035,45.35645643466087
Bag 250g Swirly Marbles,56137.3,27779391.580000035,45.4482995125367
Pack Of 60 Mushroom Cake Cases,56021.38,27835412.960000034,45.53995294022295
Hand Warmer Union Jack,55902.94,27891315.900000036,45.63141259488943
Set Of 6 Tea Time Baking Cases,55815.27,27947131.170000035,45.722728817601784
Swallows Greeting Card,55731.03,28002862.200000037,45.81390721999004
Childrens Cutlery Polkadot Blue,55681.03,28058543.230000038,45.90500382019163
Colouring Pencils Brown Tube,55471.14,28114014.37000004,45.99575703117401
Wrap Red Apples,55363.29,28169377.660000037,46.08633379483974
Zinc T-Light Holder Stars Small,55344.28,28224721.94000004,46.176879457314094
4 Traditional Spinning Tops,55341.87,28280063.81000004,46.26742117692306
Pack Of 12 Skull Tissues,55305.21,28335369.02000004,46.35790291916875
Painted Metal Pears Assorted,55127.35,28390496.370000042,46.448093674676024
"Record Frame 7"" Single Size",55039.810000000005,28445536.18000004,46.53814121091487
Wrap Poppies Design,54889.0,28500425.18000004,46.627942015398276
Wooden Tree Christmas Scandinavian,54626.25,28555051.43000004,46.71731294939073
Small White Heart Of Wicker,54544.94,28609596.370000042,46.80655085666722
Silver Hanging T-Light Holder,54310.12,28663906.490000043,46.89540458815423
Plasters In Tin Vintage Paisley,54064.35,28717970.840000045,46.98385622917288
Doormat Fancy Font Home Sweet Home,54010.16,28771981.000000045,47.072219212981615
Pink Vintage Spot Beaker,53895.12,28825876.120000046,47.160393986319264
London Bus Coffee Mug,53759.65,28879635.770000044,47.248347124812334
Red Retrospot Shopper Bag,53526.869999999995,28933162.640000045,47.335919425045155
Small Dolly Mix Design Orange Bowl,53390.83,28986553.470000044,47.42326915788846
Jumbo Bag Spaceboy Design,53313.49,29039866.960000042,47.51049235910944
Paper Bunting White Lace,53199.09,29093066.05000004,47.59752839692731
Pens Assorted Funky Jeweled,52928.29,29145994.34000004,47.68412139410218
Vintage Union Jack Bunting,52919.15,29198913.49000004,47.77069943783731
Retrospot Party Bag + Sticker Set,52822.86,29251736.35000004,47.85711994692136
Regency Teapot Roses,52821.13,29304557.480000038,47.94353762564975
Heart Decoration Rustic Hanging,52684.26,29357241.74000004,48.02973137907235
Hanging Heart With Bell,52504.75000000001,29409746.49000004,48.11563144628437
Red Retrospot Picnic Bag,52446.119999999995,29462192.61000004,48.20143559225229
Hand Warmer Red Retrospot,52242.46000000001,29514435.07000004,48.28690654155348
Set Of 20 Kids Cookie Cutters,52055.53,29566490.600000042,48.37207166519956
Green Vintage Spot Beaker,51798.34,29618288.940000042,48.456816014757855
Area Patrolled Metal Sign,51550.43,29669839.370000042,48.5411547727142
Retrospot Heart Hot Water Bottle,51442.21,29721281.580000043,48.62531647801771
Small Glass Heart Trinket Pot,51401.35,29772682.930000044,48.70941133457428
Fancy Font Birthday Card,51115.56,29823798.490000043,48.79303862619226
Set 40 Heart Shape Petit Four Cases,51071.18,29874869.670000043,48.87659331018937
You're Confusing Me Metal Sign,50868.65,29925738.32000004,48.959816646249145
Blue Spot Ceramic Drawer Knob,50642.54,29976380.86000004,49.042670056460345
White Spot Blue Ceramic Drawer Knob,50562.12,30026942.98000004,49.12539189603452
Set Of 72 Pink Heart Paper Doilies,50542.47,30077485.45000004,49.20808158734933
Red Spot Ceramic Drawer Knob,50517.770000000004,30128003.22000004,49.29073086838392
Sleeping Cat Erasers,50339.520000000004,30178342.74000004,49.37308852462303
Magic Drawing Slate Purdey,50154.59,30228497.33000004,49.455143627294525
Travel Card Wallet I Love London,50120.7,30278618.03000004,49.537143284443886
Travel Card Wallet Vintage Ticket,50091.15,30328709.180000037,49.619094596500936
Sombrero,49934.23,30378643.410000037,49.70078918057533
Ladies & Gentlemen Metal Sign,49667.7,30428311.110000037,49.782047709913456
Strawberry Lunch Box With Cutlery,49589.21,30477900.320000038,49.863177826178955
Hot Water Bottle I Am So Poorly,49374.56,30527274.880000036,49.94395676565707
Plasters In Tin Skulls,49330.79,30576605.670000035,50.02466409550097
Set 12 Retro White Chalk Sticks,48505.58,30625111.250000034,50.10402134569562
Pottering In The Shed Metal Sign,48364.69,30673475.940000035,50.18314809368867
Beware Of The Cat Metal Sign,48267.97,30721743.910000034,50.26211660353183
Set Of 6 Snack Loaf Baking Cases,47972.21,30769716.120000035,50.34060123708039
Pack Of 20 Napkins Red Apples,47774.99,30817491.110000033,50.418763210083846
Wrap Christmas Village,47653.94,30865145.050000034,50.496727139993375
Heart Ivory Trellis Small,47576.99,30912722.040000033,50.574565176337615
Christmas Craft Little Friends,47567.200000000004,30960289.240000032,50.65238719581371
Wrap I Love London,47546.68,31007835.92000003,50.73017564367239
Pantry Washing Up Brush,47358.75,31055194.67000003,50.80765662983225
Lunch Bag Alphabet Design,47238.33,31102433.00000003,50.88494060360573
Empire Design Rosette,47195.68,31149628.68000003,50.96215480011398
Magic Drawing Slate Spaceboy,47094.07,31196722.75000003,51.03920275821848
Knitted Union Flag Hot Water Bottle,47084.590000000004,31243807.34000003,51.11623520662839
Giraffe Wooden Ruler,46779.59,31290586.93000003,51.19276866169961
Feltcraft Cushion Owl,46778.68,31337365.61000003,51.26930062797103
Hand Warmer Red Love Heart,46386.55,31383752.16000003,51.34519105241326
Moroccan Tea Glass,46375.28,31430127.44000003,51.42106303864263
Tea Party Birthday Card,46368.979999999996,31476496.42000003,51.49692471779647
Red Retrospot Oven Glove,46222.62,31522719.040000033,51.57254694558949
Card Dolly Girl,46200.76,31568919.800000034,51.64813340946649
Jingle Bell Heart Decoration,46099.26,31615019.060000036,51.72355381490456
Lovebird Hanging Decoration White,45943.95,31660963.010000035,51.79872012639038
Set/10 Blue Polkadot Party Candles,45789.990000000005,31706753.000000034,51.873634552583006
Wrap 50'S Christmas,45687.35,31752440.350000035,51.94838105524684
Mini Jigsaw Spaceboy,45393.51,31797833.860000037,52.02264682282005
Jazz Hearts Purse Notebook,45254.21,31843088.070000038,52.09668468950119
Box Of 6 Mini Vintage Crackers,45071.8,31888159.87000004,52.17042412544492
Ceramic Strawberry Cake Money Bank,44979.58,31933139.450000037,52.24401268543555
12 Pencil Small Tube Woodland,44942.51,31978081.96000004,52.31754059728499
Regency Tea Plate Pink,44924.17,32023006.13000004,52.39103850409235
Chocolate This Way Metal Sign,44871.19,32067877.32000004,52.46444973330273
Home Building Block Word,44826.71,32112704.030000042,52.53778819128783
Box Of 6 Mini 50'S Crackers,44742.130000000005,32157446.16000004,52.610988272693966
Filigris Heart With Butterfly,44664.65,32202110.81000004,52.68406159343162
3 Hearts Hanging Decoration Rustic,44656.21,32246767.02000004,52.75712110596018
Star Decoration Painted Zinc,44551.28,32291318.30000004,52.8300089484198
Tea Bag Plate Red Retrospot,44475.159999999996,32335793.460000042,52.902772255230424
Pink Drawer Knob Acrylic Edwardian,44263.770000000004,32380057.23000004,52.97518971875624
Childrens Apron Spaceboy Design,44250.32,32424307.55000004,53.04758517749384
Circus Parade Lunch Box,44202.71,32468510.260000043,53.1199027441893
Set 12 Kids White Chalk Sticks,43943.33,32512453.59000004,53.19179595386118
Vintage Doily Travel Sewing Kit,43913.85,32556367.440000042,53.2636409329638
Grey Heart Hot Water Bottle,43897.06,32600264.50000004,53.33545844289214
Memo Board Retrospot Design,43791.15,32644055.65000004,53.40710267942866
Red Retrospot Cup,43693.43,32687749.08000004,53.47858704177156
Jumbo Bag Pears,43549.42,32731298.50000004,53.549835797456424
Regency Sugar Bowl Green,43442.88,32774741.38000004,53.620910249041906
Pack Of 12 Coloured Pencils,43366.61,32818107.99000004,53.691859919571854
Fawn Blue Hot Water Bottle,43225.39,32861333.38000004,53.76257854800577
Wrap Gingham Rose,43204.65,32904538.03000004,53.83326324489265
Photo Frame Cornice,43195.03,32947733.06000004,53.90393220303881
Feltcraft Cushion Rabbit,43188.25,32990921.31000004,53.974590068808475
Jam Jar With Pink Lid,43007.46,33033928.77000004,54.04495215423156
Ivory Hanging Decoration Heart,42842.549999999996,33076771.32000004,54.115044439682585
Wrap Suki And Friends,42760.0,33119531.32000004,54.185001669723405
Pottering Mug,42642.5,33162173.82000004,54.25476666462554
Set Of 3 Wooden Heart Decorations,42604.12,33204777.940000042,54.3244688681692
Pack Of 12 Pink Polkadot Tissues,42602.7,33247380.64000004,54.39416874853075
6 Gift Tags Vintage Christmas,42596.79,33289977.43000004,54.46385895987384
Set/3 Red Gingham Rose Storage Box,42455.020000000004,33332432.45000004,54.533317229296834
Toy Tidy Pink Polkadot,42307.4,33374739.85000004,54.602533985943914
36 Pencils Tube Red Retrospot,42264.78,33417004.63000004,54.67168101440707
Assorted Incense Pack,41878.8,33458883.43000004,54.74019656271001
Medium Ceramic Top Storage Jar,41876.38,33500759.81000004,54.80870815178711
Toilet Sign Occupied Or Vacant,41871.829999999994,33542631.640000038,54.87721229686522
Christmas Toilet Roll,41848.33,33584479.970000036,54.9456779949156
Regency Milk Jug Pink,41793.45,33626273.42000004,55.014053906885884
Set Of 6 Ribbons Vintage Christmas,41758.79,33668032.21000004,55.08237311358037
Vintage Christmas Bunting,41669.75,33709701.96000004,55.15054664694083
Pink Polkadot Bowl,41607.9,33751309.86000004,55.21861899099638
Jingle Bell Heart Antique Silver,41467.93,33792777.79000004,55.28646233801057
Red Polkadot Beaker,41261.07000000001,33834038.86000004,55.35396725301806
Toilet Metal Sign,41247.51,33875286.370000035,55.421449983272524
Bundle Of 3 Alphabet Exercise Books,41010.11,33916296.480000034,55.48854431674468
Pack Of 12 50'S Christmas Tissues,41006.1,33957302.580000035,55.55563208968146
Red Retrospot Peg Bag,40923.72,33998226.300000034,55.62258508533549
Robot Birthday Card,40801.26,34039027.56000003,55.68933773107392
Party Metal Sign,40362.61,34079390.17000003,55.755372726228686
12 Pencils Tall Tube Posy,40286.26,34119676.43000003,55.8212828094444
Card Motorbike Santa,40241.36,34159917.79000003,55.88711943429649
Lunch Bag Dolly Girl Design,40202.39,34200120.18000003,55.95289230252429
Metal Sign Take It Or Leave It,40047.35,34240167.53000003,56.018411518531664
Wrap Billboard Fonts Design,39963.26,34280130.79000003,56.08379315962149
6 Gift Tags 50'S Christmas,39804.64,34319935.43000003,56.14891529145433
Tea Time Party Bunting,39696.08,34359631.51000003,56.21385981437946
Feather Pen Hot Pink,39652.71,34399284.22000003,56.27873338208788
Blue Polkadot Cup,39545.5,34438829.72000003,56.34343154954764
Playing Cards Keep Calm & Carry On,39493.05,34478322.770000026,56.40804390651357
Set Of 3 Hanging Owls Ollie Beak,39487.28,34517810.05000003,56.472646823507176
Alarm Clock Bakelike Ivory,39479.39,34557289.44000003,56.53723683211572
Cowboys And Indians Birthday Card,39470.369999999995,34596759.810000025,56.60181208360977
Pink Fairy Cake Childrens Apron,39384.27,34636144.08000003,56.6662464717384
Small Marshmallows Pink Bowl,39262.56,34675406.64000003,56.730481736984224
Lunch Box With Cutlery Retrospot,39181.409999999996,34714588.05000003,56.794584237281086
Suki Shoulder Bag,39034.91,34753622.96000002,56.85844705717099
Cream Sweetheart Mini Chest,39000.57,34792623.53000002,56.9222536953191
Red Retrospot Plate,38939.18,34831562.71000002,56.98595989674241
Large White Heart Of Wicker,38937.23,34870499.94000002,57.04966290788044
Vintage 2 Metre Folding Ruler,38895.69,34909395.63000002,57.11329795776178
Assorted Colour T-Light Holder,38882.579999999994,34948278.210000016,57.176911559109776
Feltcraft Cushion Butterfly,38716.59,34986994.80000002,57.24025359355848
3 Drawer Antique White Wood Cabinet,38695.79,35025690.59000002,57.30356159829751
Jumbo Bag Vintage Christmas,38567.4,35064257.99000002,57.36665955138162
Red Retrospot Cake Stand,38544.52,35102802.51000002,57.429720071785106
Cartoon Pencil Sharpeners,38454.21,35141256.72000002,57.49263284107902
Lunch Bag Vintage Leaf Design,38214.8,35179471.52000002,57.555153925142726
Roll Wrap 50'S Christmas,38068.0,35217539.52000002,57.617434837986366
Wood 2 Drawer Cabinet White Finish,38042.07,35255581.59000002,57.67967332821599
Pink Heart Shape Egg Frying Pan,38025.49,35293607.08000002,57.74188469284052
Photo Cube,38020.03,35331627.11000002,57.804087124666275
Hanging Metal Heart Lantern,37914.43,35369541.54000002,57.866116790273765
Angel Decoration 3 Buttons,37852.35,35407393.89000002,57.928044890286294
Pantry Magnetic Shopping List,37606.549999999996,35445000.44000002,57.98957085074914
Vintage Red Kitchen Cabinet,37521.36,35482521.80000002,58.05095743664634
Set 2 Pantry Design Tea Towels,37497.97,35520019.77000002,58.11230575548063
Natural Slate Rectangle Chalkboard,37479.18,35557498.95000002,58.17362333305315
Retrospot Childrens Apron,37267.09,35594766.04000002,58.23459392211026
Set 6 School Milk Bottles In Crate,37238.22,35632004.26000002,58.29551727858478
Childrens Cutlery Polkadot Green,37071.85,35669076.11000002,58.356168446463386
Card I Love London,37005.409999999996,35706081.52000002,58.416710915596326
Heart Ivory Trellis Large,36902.74,35742984.26000002,58.477085412119166
Herb Marker Basil,36902.689999999995,35779886.95000002,58.537459826839815
Magic Drawing Slate Dolly Girl,36872.37,35816759.320000015,58.597784636714465
Pack Of 12 Pink Paisley Tissues,36817.43,35853576.750000015,58.658019562346404
Card Birthday Cowboy,36809.08,35890385.83000001,58.71824082701317
Pink Hanging Heart T-Light Holder,36803.4,35927189.23000001,58.77845279895152
Classic Cafe Sugar Dispenser,36732.65,35963921.88000001,58.838549020795746
5 Hook Hanger Red Magic Toadstool,36638.35,36000560.23000001,58.89849096371591
Purple Drawerknob Acrylic Edwardian,36609.520000000004,36037169.750000015,58.95838573949524
Christmas Craft White Fairy,36407.2,36073576.95000002,59.017949510906426
Jam Jar With Green Lid,36301.35,36109878.30000002,59.077340107088425
Picnic Basket Wicker Large,36275.93,36146154.23000002,59.13668911503873
Recipe Box Retrospot,36245.46,36182399.69000002,59.195988272736464
Pink Happy Birthday Bunting,36234.06,36218633.75000002,59.25526877953565
Glass Heart T-Light Holder,36181.479999999996,36254815.23000002,59.31446326315532
Fairy Tale Cottage Night Light,36049.74,36290864.97000002,59.373442214373554
Empire Gift Wrap,36024.75,36326889.72000002,59.43238028085889
Card Christmas Village,36009.4,36362899.12000002,59.49129323407292
Picture Dominoes,35970.04,36398869.16000002,59.5501417926056
Traditional Christmas Ribbons,35836.74,36434705.90000002,59.608772266508616
Blue Polkadot Bowl,35739.33,36470445.23000002,59.667243373391564
Christmas Star Wish List Chalkboard,35673.5,36506118.73000002,59.72560677951554
Traditional Wooden Catch Cup Game,35569.48,36541688.210000016,59.783800004370356
Large Ceramic Top Storage Jar,35565.21,36577253.42000002,59.841986243318445
Piggy Bank Retrospot,35558.19,36612811.610000014,59.90016099723952
Set Of 36 Teatime Paper Doilies,35374.11,36648185.72000001,59.95803458823014
Ivory Kitchen Scales,35336.4,36683522.12000001,60.01584648401158
Small Red Retrospot Windmill,35308.53,36718830.65000001,60.07361278325418
Magic Drawing Slate Circus Parade,35237.94,36754068.59000001,60.13126359416962
3 Stripey Mice Feltcraft,35216.8,36789285.39000001,60.188879819120544
Hanging Mini Coloured Bottles,35159.44,36824444.830000006,60.24640220060291
Love Hot Water Bottle,34991.03,36859435.86000001,60.30364905596014
Elephant Birthday Card,34982.15,36894418.010000005,60.36088138324902
Piece Of Camo Stationery Set,34975.880000000005,36929393.89000001,60.4181034525437
Washroom Metal Sign,34972.22,36964366.11000001,60.475319533918295
Roll Wrap Vintage Christmas,34871.75,36999237.86000001,60.53237124197901
Doormat English Rose,34868.03,37034105.89000001,60.589416863957034
Set Of 10 Led Dolly Lights,34845.6,37068951.49000001,60.646425789474115
Key Fob Shed,34823.59,37103775.08000001,60.70339870566863
Gin & Tonic Diet Greeting Card,34814.909999999996,37138589.99000001,60.760357421003526
Pantry Rolling Pin,34757.92,37173347.91000001,60.81722289820606
Folkart Star Christmas Decorations,34648.600000000006,37207996.51000001,60.87390952310767
Enamel Flower Jug Cream,34547.52,37242544.030000016,60.93043077670869
Coffee Mug Apples Design,34507.31,37277051.34000002,60.986886244991204
Christmas Metal Postcard With Bells,34496.57,37311547.91000002,61.04332414216401
Set/2 Red Retrospot Tea Towels,34223.37,37345771.280000016,61.099315072188844
Wooden Union Jack Bunting,34099.4,37379870.680000015,61.15510318187205
Laundry 15c Metal Sign,33999.15,37413869.83000001,61.21072727817098
Set Of 6 Soldier Skittles,33987.71,37447857.540000014,61.266332658129606
Feng Shui Pillar Candle,33966.479999999996,37481824.02000001,61.321903304879754
Gin And Tonic Mug,33909.409999999996,37515733.43000001,61.37738058261405
Wrap Paisley Park,33896.0,37549629.43000001,61.43283592100188
Red Spotty Biscuit Tin,33888.44,37583517.870000005,61.48827889089908
Card Circus Parade,33872.19,37617390.06,61.54369527508561
Christmas Metal Tags Assorted,33692.409999999996,37651082.47,61.59881753132976
Scandinavian Reds Ribbons,33631.79,37684714.26,61.65384061060278
Lipstick Pen Red,33585.28,37718299.54,61.70878759748176
Letter Shape Pencil Sharpener,33579.590000000004,37751879.13,61.76372527527191
Doormat Welcome Puppies,33519.0,37785398.13,61.81856382517224
Pink Polkadot Cup,33413.26,37818811.39,61.873229379808194
Set 12 Colour Pencils Spaceboy,33259.52,37852070.910000004,61.92764340908059
Travel Card Wallet Transport,33230.03,37885300.940000005,61.98200919142328
Set Of 6 Nativity Magnets,33153.93,37918454.870000005,62.03625047083786
Christmas Craft Tree Top Angel,33060.060000000005,37951514.93000001,62.09033817482718
Alarm Clock Bakelike Orange,33026.57,37984541.50000001,62.14437108771187
Love Building Block Word,32988.4,38017529.900000006,62.19834155280724
Set Of 36 Pantry Paper Doilies,32959.99,38050489.89000001,62.25226553790017
Traditional Naughts & Crosses,32870.01,38083359.900000006,62.306042311777944
Set Of 4 Jam Jar Magnets,32868.340000000004,38116228.24000001,62.359816353462705
Tea Time Tea Towels,32838.0,38149066.24000001,62.41354075758058
Folkart Zinc Heart Christmas Dec,32741.94,38181808.18000001,62.46710800333742
Strawberry Shopper Bag,32649.21,38214457.39000001,62.52052353875887
Storage Tin Vintage Doily,32564.320000000003,38247021.71000001,62.57380019042779
Scandinavian Paisley Picnic Bag,32554.89,38279576.60000001,62.6270614142043
Picnic Basket Wicker Small,32551.31,38312127.91000001,62.68031678094424
English Rose Notebook A7 Size,32525.649999999998,38344653.56000001,62.733530166801984
Set 3 Retrospot Tea/Coffee/Sugar,32468.23,38377121.79000001,62.78664961102855
Jazz Hearts Address Book,32303.64,38409425.43000001,62.83949977881705
Feltcraft Princess Charlotte Doll,32232.56,38441657.99000001,62.892233656616966
Jumbo Bag Paisley Park,32214.72,38473872.71000001,62.94493834739668
Metal 4 Hook Hanger French Chateau,32204.13,38506076.84000001,62.99762571247326
Pink Vintage Paisley Picnic Bag,32129.52,38538206.360000014,63.05019101232689
White Rocking Horse Hand Painted,32028.89,38570235.250000015,63.10259167709963
Penny Farthing Birthday Card,31958.88,38602194.13000002,63.15487780245059
3 Hook Photo Shelf Antique White,31833.68,38634027.81000002,63.20695909512613
Recycled Pencil With Rabbit Eraser,31827.25,38665855.06000002,63.25902986804046
3 Piece Spaceboy Cookie Cutter Set,31803.72,38697658.780000016,63.31106214484573
Heart Filigree Dove Large,31761.510000000002,38729420.290000014,63.363025364245026
Baking Set Spaceboy Design,31759.71,38761180.000000015,63.4149856387656
Pack Of 12 Spaceboy Tissues,31644.469999999998,38792824.47000001,63.466757375606335
Assorted Bottle Top Magnets,31641.3,38824465.77000001,63.51852392618842
Camouflage Led Torch,31617.19,38856082.96000001,63.57025103175611
Zinc Willie Winkie Candle Stick,31512.829999999998,38887595.79000001,63.62180739979977
Ribbon Reel Stripes Design,31473.83,38919069.620000005,63.67329996213783
Jumbo Bag Toys,31428.82,38950498.440000005,63.72471888614746
Red Retrospot Small Milk Jug,31331.48,38981829.92,63.77597855766007
Giant 50'S Christmas Cracker,31295.090000000004,39013125.010000005,63.82717869354123
House Shape Pencil Sharpener,31191.510000000002,39044316.52,63.87820936801247
Set Of 9 Black Skull Balloons,31140.8,39075457.32,63.92915707870599
Set Of 5 Lucky Cat Magnets,31136.63,39106593.95,63.98009796709716
Set/20 Strawberry Paper Napkins,31098.95,39137692.900000006,64.03097720936044
Doormat Spotty Home Sweet Home,31080.16,39168773.06,64.08182571036197
Blue Happy Birthday Bunting,31030.08,39199803.14,64.13259227829333
Wrap Circus Parade,31002.61,39230805.75,64.18331390410333
Set Of 9 Heart Shaped Balloons,30870.3,39261676.05,64.23381906496695
Small Heart Measuring Spoons,30819.149999999998,39292495.199999996,64.28424054219363
Travel Card Wallet Vintage Leaf,30793.19,39323288.38999999,64.33461954772498
Pack Of 12 Vintage Christmas Tissue,30629.25,39353917.63999999,64.38473034024668
Alphabet Stencil Craft,30494.870000000003,39384412.50999999,64.43462128121148
Fine Wicker Heart,30488.210000000003,39414900.71999999,64.48450132612501
Set 6 Paper Table Lantern Hearts,30446.19,39445346.90999999,64.53431262448088
Vintage Doily Jumbo Bag Red,30429.45,39475776.35999999,64.58409653546462
Red Retrospot Umbrella,30427.94,39506204.29999999,64.63387797602235
Blue Polkadot Beaker,30321.620000000003,39536525.91999999,64.68348547241034
Retro Coffee Mugs Assorted,30297.95,39566823.86999999,64.73305424364315
Happy Stencil Craft,30293.16,39597117.02999999,64.78261517822648
Red Kitchen Scales,30169.63,39627286.65999999,64.83197401232744
Mini Playing Cards Buffalo Bill,30153.04,39657439.69999999,64.88130570446285
Queens Guard Coffee Mug,30128.25,39687567.94999999,64.9305968390741
Set 7 Babushka Nesting Boxes,30034.960000000003,39717602.90999999,64.97973534716547
Set 20 Napkins Fairy Cakes Design,29968.73,39747571.639999986,65.02876550008035
Pink Party Bags,29859.42,39777431.05999999,65.07761681705476
Traditional Pick Up Sticks Game,29858.39,39807289.44999999,65.12646644890413
Red Retrospot Mini Cases,29855.809999999998,39837145.25999999,65.17531185976065
Victorian Metal Postcard Spring,29699.14,39866844.39999999,65.22390095164546
Roll Wrap Vintage Spot,29670.72,39896515.11999999,65.27244354716737
Spaceboy Beaker,29669.84,39926184.95999999,65.3209847029708
Mini Jigsaw Dolly Girl,29546.77,39955731.73,65.36932451087195
12 Pencils Tall Tube Red Retrospot,29514.09,39985245.82,65.4176108528639
Pack Of 6 Panettone Gift Boxes,29496.91,40014742.73,65.4658690876245
Ass Floral Print Multi Screwdriver,29367.29,40044110.019999996,65.51391525839637
Assorted Colour Mini Cases,29318.0,40073428.019999996,65.56188078857262
Vintage Christmas Cake Frill,29180.329999999998,40102608.349999994,65.60962108460811
Childrens Cutlery Spaceboy,29152.4,40131760.74999999,65.65731568594211
Love Heart Pocket Warmer,29126.48,40160887.22999999,65.70496788102254
Childrens Apron Apples Design,29113.03,40190000.25999999,65.75259807131475
Wrap Dolly Girl,29087.5,40219087.75999999,65.80018649341046
Pink Baby Bunting,29029.26,40248117.01999999,65.84767963231913
Fluted Antique Candle Holder,28834.969999999998,40276951.98999999,65.89485490429082
I'm On Holiday Metal Sign,28812.670000000002,40305764.65999999,65.94199369248729
Garage Key Fob,28796.32,40334560.97999999,65.9891057313687
Doormat Black Flock,28750.61,40363311.58999999,66.03614298669105
Pack Of Six Led Tea Lights,28731.370000000003,40392042.959999986,66.08314876453197
Embossed Glass Tealight Holder,28693.280000000002,40420736.23999999,66.13009222546708
Small Folding Scissor(Pointed Edge),28677.579999999998,40449413.819999985,66.1770100005156
Vintage Christmas Stocking,28673.77,40478087.58999999,66.22392154223748
Card Gingham Rose,28549.399999999998,40506636.98999999,66.27062960920023
Wooden Happy Birthday Garland,28547.81,40535184.79999999,66.31733507485345
Ice Cream Bubbles,28518.61,40563703.40999999,66.36399276802965
Assorted Creepy Crawlies,28506.19,40592209.59999999,66.41063014154268
Asstd Fruit+Flowers Fridge Magnets,28440.420000000002,40620650.01999999,66.45715991245937
Set Of Salt And Pepper Toadstools,28437.18,40649087.19999999,66.50368438259436
Coffee Mug Pears Design,28394.559999999998,40677481.75999999,66.55013912454544
Pack 3 Boxes Bird Panettone,28378.91,40705860.66999999,66.59656826241206
Set Of 5 Pancake Day Magnets,28334.43,40734195.09999999,66.64292462905345
Treasure Island Book Box,28333.27,40762528.36999999,66.68927909788411
Cupcake Lace Paper Set 6,28319.32,40790847.68999999,66.73561074390469
Paint Your Own Canvas Set,28315.2,40819162.88999999,66.78193564942508
20 Dolly Pegs Retrospot,28291.649999999998,40847454.53999999,66.82822202611554
Potting Shed Tea Mug,28233.93,40875688.46999999,66.87441397036172
Cream Cupid Hearts Coat Hanger,28151.04,40903839.50999999,66.92047030294282
Skull Shoulder Bag,28148.9,40931988.40999999,66.96652313439034
Mini Playing Cards Spaceboy,28131.29,40960119.69999999,67.01254715510773
Feather Pen Coal Black,28126.27,40988245.96999999,67.05856296288556
Glitter Heart Decoration,28113.59,41016359.559999995,67.10455802562886
White Moroccan Metal Lantern,28022.46,41044382.019999996,67.15040399570672
Pack Of 6 Sandcastle Flags Assorted,28021.84,41072403.86,67.19624895143748
Biscuit Tin 50'S Christmas,27997.980000000003,41100401.839999996,67.24205487116475
Drawer Knob Crackle Glaze Ivory,27964.739999999998,41128366.58,67.28780640879833
Pantry Scrubbing Brush,27963.02,41156329.6,67.33355513243669
Christmas Lights 10 Reindeer,27691.66,41184021.26,67.37885989924754
Card Psychedelic Apples,27589.579999999998,41211610.839999996,67.42399765871409
Card Suki Birthday,27550.01,41239160.849999994,67.4690706799301
Musical Zinc Heart Decoration,27474.13,41266634.98,67.51401955814762
Dolly Girl Beaker,27450.280000000002,41294085.26,67.55892941672212
Lipstick Pen Fuschia,27403.59,41321488.85,67.60376288841469
Mini Playing Cards Dolly Girl,27395.02,41348883.870000005,67.64858233921247
Coffee Mug Cat + Bird Design,27356.26,41376240.13,67.69333837695514
Ceramic Heart Fairy Cake Money Bank,27283.94,41403524.07,67.737976096015
Star Wooden Christmas Decoration,27277.78,41430801.85,67.78260373704548
Blue Polkadot Plate,27262.7,41458064.550000004,67.82720670653644
Edwardian Parasol Red,27187.47,41485252.02,67.87168659645735
Feltcraft Princess Lola Doll,27158.04,41512410.06,67.91611833761118
Multicolour Spring Flower Mug,27152.220000000005,41539562.28,67.96054055699048
Skull Lunch Box With Cutlery,27150.09,41566712.370000005,68.00495929159663
Birthday Card Retro Spot,27141.21,41593853.580000006,68.04936349813443
Magnets Pack Of 4 Swallows,27130.3,41620983.88,68.09374985543509
Set/6 Collage Paper Cups,27099.14,41648083.02,68.13808523361303
Alarm Clock Bakelike Chocolate,27046.59,41675129.61000001,68.18233463769278
Set Of 2 Tea Towels Apple And Pears,27042.22,41702171.830000006,68.22657689226139
Travel Card Wallet Union Jack,27032.52,41729204.35000001,68.27080327720581
Glass Bon Bon Jar,26964.81,41756169.16000001,68.31491888562904
Wall Tidy Retrospot,26864.51,41783033.67000001,68.3588703988658
Spaceboy Childrens Bowl,26862.78,41809896.45000001,68.4028190817469
Victorian Sewing Kit,26858.44,41836754.89000001,68.4467606641982
Box Of Vintage Alphabet Blocks,26839.1,41863593.99000001,68.4906706055637
Doormat Welcome To Our Home,26792.35,41890386.34000001,68.53450406188465
Red Floral Feltcraft Shoulder Bag,26763.77,41917150.110000014,68.57829076007572
Feltcraft Christmas Fairy,26686.539999999997,41943836.65000001,68.62195110660925
Pack Of 20 Skull Paper Napkins,26680.559999999998,41970517.210000016,68.66560166960124
Angel Decoration Stars On Dress,26660.469999999998,41997177.680000015,68.70921936447463
Pink Polkadot Plate,26603.69,42023781.37000001,68.75274416478484
Abc Treasure Book Box,26561.43,42050342.80000001,68.79619982588687
Assorted Laquered Incense Holders,26546.53,42076889.33000001,68.8396311099373
Christmas Retrospot Angel Wood,26512.7,42103402.030000016,68.88300704662821
Natural Slate Chalkboard Large,26467.2,42129869.23000002,68.92630854332926
Mini Playing Cards Gymkhana,26456.52,42156325.75000002,68.96959256708323
Ivory Diner Wall Clock,26391.7,42182717.450000025,69.01277054248239
Pack Of 6 Cocktail Parasol Straws,26338.05,42209055.50000002,69.05586074413526
Doormat Home Sweet Home Blue,26334.47,42235389.97000002,69.09894508875155
Chick Grey Hot Water Bottle,26303.31,42261693.28000002,69.14197845424512
Small Hanging Ivory/Red Wood Bird,26290.94,42287984.22000002,69.1849915818777
Poppy's Playhouse Kitchen,26274.66,42314258.88000002,69.22797807471831
Vintage Kid Dolly Card,26266.52,42340525.40000002,69.27095125016292
Assorted Tutti Frutti Bracelet,26183.28,42366708.68000002,69.31378824132717
Red Drawer Knob Acrylic Edwardian,25993.510000000002,42392702.19000002,69.35631476047213
Christmas Tree Painted Zinc,25987.88,42418690.07000002,69.39883206869088
Set/6 Collage Paper Plates,25975.19,42444665.26000002,69.44132861551462
Mini Painted Garden Decoration,25902.100000000002,42470567.36000002,69.48370558390192
Heart Decoration Painted Zinc,25707.239999999998,42496274.600000024,69.52576375280731
Treasure Tin Gymkhana Design,25673.59,42521948.19000003,69.56776686884108
Assorted Tutti Frutti Pen,25670.969999999998,42547619.160000026,69.60976569844027
Bundle Of 3 Retro Note Books,25612.29,42573231.450000025,69.65166852499316
Set Of 36 Paisley Flower Doilies,25607.61,42598839.060000025,69.6935636948614
Mini Jigsaw Circus Parade,25599.71,42624438.770000026,69.73544593998413
Wrap Red Vintage Doily,25563.65,42650002.420000024,69.77726918936985
Pack Of 6 Skull Paper Plates,25544.760000000002,42675547.18000002,69.81906153388942
Wooden Rounders Garden Set,25502.11,42701049.29000002,69.86078410114378
Rocking Horse Red Christmas,25491.2,42726540.490000024,69.90248881916101
Red Rocking Horse Hand Painted,25466.86,42752007.350000024,69.94415371587377
Christmas Tree Star Decoration,25461.96,42777469.310000025,69.98581059597223
Sweetheart 3 Tier Cake Stand,25450.55,42802919.86000002,70.02744880881168
Set Of 4 Knick Knack Tins London,25410.98,42828330.84000002,70.0690222834006
Namaste Swagat Incense,25386.84,42853717.68000002,70.11055626389383
Ribbon Reel Snowy Village,25366.010000000002,42879083.69000002,70.15205616559605
Red Diner Wall Clock,25316.800000000003,42904400.49000002,70.19347555758617
Party Cone Christmas Decoration,25297.66,42929698.15000001,70.23486363569923
Rainy Ladies Birthday Card,25246.899999999998,42954945.05000001,70.27616866823236
Set/6 Pink Butterfly T-Lights,25237.32,42980182.37000001,70.31745802746654
Paper Bunting Coloured Lace,25198.760000000002,43005381.13000001,70.35868430085438
Dove Decoration Painted Zinc,25191.08,43030572.21000001,70.39989800942632
Star Decoration Rustic,25161.62,43055733.830000006,70.4410635201499
Hanging Heart Mirror Decoration,25081.91,43080815.74,70.48209862182745
Watering Can Blue Elephant,25058.74,43105874.480000004,70.52309581637172
Travel Card Wallet Suki,25033.81,43130908.29000001,70.56405222434574
Poppy's Playhouse Bedroom,25025.97,43155934.260000005,70.60499580573686
Drawer Knob Ceramic Ivory,24797.01,43180731.27,70.64556479855477
Heart Wreath Decoration With Bell,24734.190000000002,43205465.46,70.68603101510537
36 Foil Heart Cake Cases,24727.28,43230192.74,70.72648592659377
Party Charms 50 Pieces,24713.059999999998,43254905.800000004,70.76691757354027
French Style Storage Jar Bonbons,24683.3,43279589.1,70.80730053182528
Food Container Set 3 Love Heart,24623.87,43304212.97,70.84758626003119
Knickerbockerglory Magnet Assorted,24582.03,43328795.0,70.88780353616731
Pack Of 6 Large Fruit Straws,24565.35,43353360.35,70.92799352309395
Calendar Paper Cut Design,24448.8,43377809.15,70.96799282912346
Set 12 Colour Pencils Dolly Girl,24367.71,43402176.86,71.00785946836663
Pack Of 12 Vintage Doily Tissues,24310.670000000002,43426487.53,71.04763278767525
Spaceboy Childrens Cup,24241.92,43450729.45,71.08729362897719
Doormat Multicolour Stripe,24194.24,43474923.690000005,71.12687646371394
Tea Time Oven Glove,24161.9,43499085.59,71.16640638879633
Set 6 Paper Table Lantern Stars,24121.01,43523206.6,71.20586941605046
Large Red Retrospot Windmill,24089.97,43547296.57,71.24528166050712
Red Retrospot Mug,24054.23,43571350.8,71.28463543276074
Open Closed Metal Sign,23982.49,43595333.29,71.32387183523693
Children's Apron Dolly Girl,23975.22,43619308.51,71.36309634367517
Pack Of 12 Blue Paisley Tissues,23896.48,43643204.989999995,71.40219203002982
Green Drawer Knob Acrylic Edwardian,23893.850000000002,43667098.839999996,71.44128341358949
Vintage Donkey Tail Game,23883.68,43690982.519999996,71.48035815858438
Childrens Cutlery Dolly Girl,23829.43,43714811.949999996,71.51934414820673
Easter Craft 4 Chicks,23787.280000000002,43738599.23,71.55826117858571
Gentleman Shirt Repair Kit,23704.87,43762304.099999994,71.59704338260062
Heart Decoration With Pearls,23696.739999999998,43786000.839999996,71.63581228557999
Place Setting White Star,23676.649999999998,43809677.489999995,71.67454832044073
Ivory Wicker Heart Small,23610.45,43833287.94,71.71317604920635
Silver Bells Table Decoration,23585.31,43856873.25,71.75176264783249
Retrospot Wooden Heart Decoration,23547.1,43880420.35,71.79028673322759
Glitter Christmas Star,23532.55,43903952.9,71.82878701418636
Deluxe Sewing Kit,23525.6,43927478.5,71.86727592464119
Bingo Set,23523.24,43951001.74,71.9057609740328
Set Of 12 Vintage Postcard Set,23504.989999999998,43974506.730000004,71.94421616562629
Biscuit Tin Vintage Christmas,23481.620000000003,43997988.35,71.98263312287771
Christmas Gingham Star,23471.86,44021460.21,72.0210341123423
Tea Party Wrapping Paper,23392.5,44044852.71,72.05930526537621
Set 3 Paper Vintage Chick Paper Egg,23366.9,44068219.61,72.09753453569054
White Jewelled Heart Decoration,23350.15,44091569.76,72.13573640227234
Miniature Antique Rose Hook Ivory,23326.699999999997,44114896.46,72.17389990362858
Large Heart Measuring Spoons,23299.25,44138195.71,72.21201849558435
Silver Record Cover Frame,23257.61,44161453.32,72.25006896267905
Ivory Wicker Heart Large,23243.4,44184696.72,72.28809618159231
Vintage Paisley Stationery Set,23222.56,44207919.28,72.32608930535416
Heart Wooden Christmas Decoration,23176.03,44231095.31,72.3640063040011
Love Heart Trinket Pot,23168.760000000002,44254264.07,72.40191140861009
Kings Choice Mug,23105.02,44277369.09,72.43971223179152
Bread Bin Diner Style Ivory,23040.04,44300409.13,72.47740674485115
Ivory Wicker Heart Medium,22999.06,44323408.190000005,72.51503421283859
Set 12 Colouring Pencils Doily,22935.96,44346344.150000006,72.55255844646645
12 Coloured Party Balloons,22933.78,44369277.93000001,72.59007911351897
Garland Wooden Happy Easter,22917.24,44392195.17000001,72.62757272040812
Vintage Snakes & Ladders,22913.29,44415108.46000001,72.66505986492454
Pack Of 6 Skull Paper Cups,22906.36,44438014.82000001,72.70253567165788
Ceramic Cherry Cake Money Bank,22904.26,44460919.080000006,72.74000804269939
Home Sweet Home Metal Sign,22878.61,44483797.690000005,72.77743844921913
English Rose Garden Secateurs,22795.34,44506593.03000001,72.81473262237719
12 Pencils Tall Tube Skulls,22793.8,44529386.830000006,72.8520242760279
Travel Card Wallet Retrospot,22792.649999999998,44552179.480000004,72.88931404822831
Sandalwood Fan,22745.03,44574924.510000005,72.92652591202616
Christmas Tree Heart Decoration,22723.7,44597648.21000001,72.96370287901117
Zinc T-Light Holder Star Large,22714.719999999998,44620362.93000001,73.00086515432344
Red Retrospot Tissue Box,22689.59,44643052.52000001,73.03798631585668
Box Of 6 Christmas Cake Decorations,22675.55,44665728.07000001,73.07508450733592
Heads And Tails Sporting Fun,22673.120000000003,44688401.190000005,73.11217872322888
Regency Sugar Tongs,22647.61,44711048.800000004,73.1492312036462
Gymkhana Treasure Book Box,22629.89,44733678.690000005,73.18625469336858
Strawberry Picnic Bag,22491.63,44756170.32000001,73.22305198368436
Feltcraft Doll Rosie,22403.46,44778573.78000001,73.25970502402417
Travel Card Wallet Skulls,22386.02,44800959.80000001,73.29632953176127
Doorstop Retrospot Heart,22382.829999999998,44823342.63000001,73.33294882051887
Fairy Cakes Notebook A7 Size,22354.93,44845697.56000001,73.3695224636563
Vintage Glass T-Light Holder,22304.01,44868001.57000001,73.40601279944681
Vintage Billboard Tea Mug,22300.23,44890301.800000004,73.44249695099201
Antique Glass Dressing Table Pot,22293.52,44912595.32000001,73.47897012468378
Ribbon Reel Hearts Design,22273.02,44934868.34000001,73.515409759479
Wicker Star,22249.78,44957118.12000001,73.55181137261786
Set Of 3 Wooden Stocking Decoration,22228.16,44979346.28000001,73.5881776144912
English Rose Hot Water Bottle,22170.82,45001517.10000001,73.62445004561688
3 Raffia Ribbons 50'S Christmas,22144.85,45023661.95000001,73.6606799886868
Blue Polkadot Coffee Mug,22073.08,45045735.03000001,73.69679251289796
Silver Stars Table Decoration,22026.609999999997,45067761.64000001,73.73282901015683
Classic Chrome Bicycle Bell,22003.82,45089765.46000001,73.76882822197902
Polyester Filler Pad 40x40cm,21942.29,45111707.75000001,73.80472676803029
Floral Folk Stationery Set,21922.670000000002,45133630.42000001,73.8405932149035
Memo Board Cottage Design,21920.239999999998,45155550.66000001,73.87645568619045
Rotating Leaves T-Light Holder,21875.54,45177426.20000001,73.91224502632252
Polkadot Rain Hat,21852.19,45199278.39000001,73.94799616483341
Red Retrospot Round Cake Tins,21801.8,45221080.190000005,73.98366486310059
Pack Of 12 Circus Parade Tissues,21774.329999999998,45242854.52,74.01928861924637
Mini Jigsaw Purdey,21770.36,45264624.88,74.05490588029856
Classic Glass Cookie Jar,21702.66,45286327.54,74.09041238118999
Woodland Party Bag + Sticker Set,21698.129999999997,45308025.67,74.12591147080332
Blue Drawer Knob Acrylic Edwardian,21695.79,45329721.46,74.1614067320743
Mini Wooden Happy Birthday Garland,21655.8,45351377.26,74.19683656795638
Mini Lights Woodland Mushrooms,21614.67,45372991.93,74.23219911335971
Card Party Games,21605.92,45394597.85,74.26754734338037
Full English Breakfast Plate,21587.11,45416184.96,74.30286479941842
Single Antique Rose Hook Ivory,21453.81,45437638.77,74.33796417082678
Decoration Sitting Bunny,21431.0,45459069.77,74.3730262240776
Family Album White Picture Frame,21428.98,45480498.75,74.40808497252007
Wrap Cowboys,21417.76,45501916.51,74.44312536455186
12 Pencils Tall Tube Woodland,21413.81,45523330.32,74.4781592942109
Buffalo Bill Treasure Book Box,21404.11,45544734.43,74.51317735424571
Hanging Metal Star Lantern,21402.45,45566136.88,74.54819269844793
Classic Metal Birdcage Plant Holder,21374.85,45587511.730000004,74.58316288784313
Vintage Leaf Magnetic Notepad,21370.07,45608881.800000004,74.61812525694926
Playing Cards Jubilee Union Jack,21348.63,45630230.43000001,74.65305254927777
Ribbon Reel Christmas Sock Bauble,21343.74,45651574.17000001,74.68797184135241
Button Box,21332.05,45672906.220000006,74.7228720080758
Feltcraft Princess Olivia Doll,21327.47,45694233.690000005,74.7577646817189
Wooden Owls Light Garland,21318.57,45715552.260000005,74.79264279457276
Key Fob Front Door,21315.0,45736867.260000005,74.8275150667505
15cm Christmas Glass Ball 20 Lights,21314.54,45758181.800000004,74.8623865863481
No Junk Mail Metal Sign,21253.53,45779435.330000006,74.89715829091756
Empire Tissue Box,21241.53,45800676.86000001,74.9319103629622
Skulls Water Transfer Tattoos,21208.53,45821885.39000001,74.96660844556365
Small Zinc Heart Wall Organiser,21197.89,45843083.28000001,75.00128912065976
Jumbo Bag Dolly Girl Design,21149.71,45864232.99000001,75.03589097116881
Vanilla Incense In Tin,21139.0,45885371.99000001,75.07047529964946
Dairy Maid Stripe Mug,21133.440000000002,45906505.43000001,75.10505053172696
Christmas Hanging Tree With Bell,21127.49,45927632.92000001,75.13961602934424
Children's Spaceboy Mug,21126.15,45948759.07000001,75.17417933466292
Folding Butterfly Mirror Hot Pink,21123.28,45969882.35000001,75.2087379445361
Feather Pen Light Pink,21107.91,45990990.260000005,75.24327140841709
Metal Sign Cupcake Single Hook,21099.78,46012090.04000001,75.27779157126251
Pack 3 Boxes Christmas Panettone,21078.21,46033168.25000001,75.31227644464461
French Wc Sign Blue Metal,21067.32,46054235.57000001,75.34674350151046
Hanging Wood And Felt Flower,20968.63,46075204.20000001,75.38104909722026
Set Of 3 Wooden Sleigh Decorations,20956.3,46096160.50000001,75.41533452051081
Recipe Box Blue Sketchbook Design,20887.47,46117047.970000006,75.4495073349112
Herb Marker Rosemary,20844.51,46137892.480000004,75.48360986487279
Rex Cash+Carry Jumbo Shopper,20839.940000000002,46158732.42,75.51770491811453
3 Hook Hanger Magic Garden,20838.23,46179570.65,75.5517971737215
Travel Card Wallet Pantry,20816.42,46200387.07,75.58585374721463
Boudoir Square Tissue Box,20803.1,46221190.17,75.61988852860523
Red Vintage Spot Beaker,20801.579999999998,46241991.75,75.65392082320936
Painted Metal Star With Holly Bells,20780.05,46262771.8,75.6879178937919
Kitchen Metal Sign,20779.63,46283551.43,75.72191427723608
Watering Can Pink Bunny,20760.55,46304311.98,75.75587944496583
Enamel Bread Bin Cream,20752.32,46325064.3,75.78983114805565
Set/4 White Retro Storage Cubes,20738.63,46345802.93,75.82376045370677
Christmas Gingham Tree,20682.46,46366485.39,75.85759786278136
Lunch Bag Paisley Park,20679.33,46387164.72,75.89143015103909
Christmas Lights 10 Vintage Baubles,20673.24,46407837.96,75.92525247579046
Home Sweet Home Hanging Heart,20662.39,46428500.35,75.95905704946733
Retrospot Cigar Box Matches,20597.55,46449097.9,75.99275554206854
Boys Alphabet Iron On Patches,20556.54,46469654.44,76.02638694051623
Scandinavian 3 Hearts Napkin Ring,20509.4,46490163.839999996,76.05994121586232
Herb Marker Thyme,20490.73,46510654.56999999,76.09346494627191
Retrospot Large Milk Jug,20394.0,46531048.56999999,76.12683042217117
Wall Art Stop For Tea,20303.51,46551352.07999999,76.160047852473
Peg Bag Apples Design,20271.26,46571623.33999999,76.19321252036443
Camouflage Design Teddy,20247.86,46591871.19999999,76.22633890483249
Party Cones Candy Assorted,20241.97,46612113.16999999,76.25945565300296
Scottie Dogs Baby Bib,20233.460000000003,46632346.62999999,76.29255847844125
36 Pencils Tube Woodland,20232.93,46652579.55999999,76.32566043677637
Red Retrospot Tape,20188.94,46672768.499999985,76.35869042554765
Wrap Green Pears,20179.19,46692947.68999998,76.39170446289253
Red Gingham Rose Jewellery Box,20150.76,46713098.44999998,76.42467198751409
6 Rocket Balloons,20115.72,46733214.16999998,76.45758218516322
Magic Drawing Slate Dinosaur,20089.87,46753304.03999998,76.49045009108183
Herb Marker Parsley,20033.72,46773337.759999976,76.5232261331448
Decorative Wicker Heart Large,20029.46,46793367.21999998,76.5559952056615
Decorative Wicker Heart Medium,20028.98,46813396.19999997,76.58876349287718
French Style Storage Jar Cafe,20026.16,46833422.35999997,76.62152716644954
Doormat Union Jack Guns And Roses,20019.74,46853442.09999997,76.65428033662114
Big Doughnut Fridge Magnets,20012.34,46873454.439999975,76.6870214000691
Set Of 5 Mini Grocery Magnets,19957.05,46893411.48999997,76.71967200665905
12 Message Cards With Envelopes,19942.17,46913353.659999974,76.75229826891825
Skulls Greeting Card,19917.23,46933270.88999997,76.78488372824673
Mini Cake Stand T-Light Holder,19913.96,46953184.84999997,76.8174638377122
Sweetheart Recipe Book Stand,19900.86,46973085.70999997,76.85002251500477
36 Pencils Tube Skulls,19864.14,46992949.84999997,76.88252111677144
Set 4 Valentine Decoupage Heart Box,19854.08,47012803.92999997,76.91500325993816
Bundle Of 3 School Exercise Books,19801.64,47032605.56999997,76.9473996089715
Christmas Decoupage Candle,19754.11,47052359.67999997,76.97971819684619
Small Chocolates Pink Bowl,19733.17,47072092.84999997,77.0120025259651
Citronella Candle Garden Pot,19732.31,47091825.159999974,77.0442854480864
Key Fob Back Door,19695.71,47111520.869999975,77.07650849100705
Party Pizza Dish Red Retrospot,19685.79,47131206.659999974,77.10871530437387
Roll Wrap 50'S Red Christmas,19667.940000000002,47150874.59999997,77.14089291436005
Doormat 3 Smiley Cats,19662.34,47170536.939999975,77.17306136250133
Four Hook White Lovebirds,19649.45,47190186.38999998,77.20520872203889
Easter Decoration Hanging Bunny,19632.07,47209818.45999998,77.23732764713635
Wrap Alphabet Poster,19597.15,47229415.60999998,77.26938944158664
Ring Of Roses Birthday Card,19573.239999999998,47248988.84999998,77.30141211823127
French Enamel Candleholder,19568.91,47268557.759999976,77.33342771080652
Regency Cake Fork,19532.47,47288090.229999974,77.36538368594813
Chocolate Box Ribbons,19482.88,47307573.10999998,77.39725852968101
Vintage Red Enamel Trim Mug,19451.56,47327024.66999998,77.42908213252416
Set Of 3 Wooden Tree Decorations,19401.170000000002,47346425.83999998,77.46082329512357
Vintage Cream Dog Food Container,19385.93,47365811.76999998,77.4925395244165
Small Heart Flowers Hook,19343.54,47385155.30999998,77.52418640181556
Set 12 Colour Pencils Love London,19329.36,47404484.66999998,77.55581008011447
Dog Bowl Chasing Ball Design,19300.96,47423785.62999998,77.58738729477136
Charlie And Lola Figures Tins,19288.97,47443074.59999998,77.61894489326389
Christmas Musical Zinc Star,19243.45,47462318.04999998,77.65042801904568
Paper Bunting Vintage Paisley,19158.58,47481476.62999998,77.6817722937958
Vintage Christmas Gift Sack,19148.57,47500625.19999998,77.71310019174815
Motoring Tissue Box,19146.149999999998,47519771.34999998,77.74442413047468
Pack Of 12 Paisley Park Tissues,19125.7,47538897.04999998,77.77571461210685
Regency Tea Strainer,19007.13,47557904.179999985,77.80681110803356
Red Retrospot Sugar Jam Bowl,18979.89,47576884.069999985,77.83786303812896
Round Container Set Of 5 Retrospot,18975.65,47595859.719999984,77.86890803139893
Modern Floral Stationery Set,18957.24,47614816.959999986,77.8999229051038
Childrens Dolly Girl Mug,18938.19,47633755.14999998,77.93090661217549
Lantern Cream Gazebo,18887.9,47652643.04999998,77.96180804260786
Set Of 2 Ceramic Christmas Reindeer,18881.9,47671524.94999998,77.99269965677783
Herb Marker Mint,18863.02,47690387.969999984,78.0235603824421
Wooden Croquet Garden Set,18821.65,47709209.61999998,78.05435342497714
Magic Drawing Slate Bake A Cake,18819.47,47728029.08999998,78.08514290093682
Coffee Mug Dog + Ball Design,18791.54,47746820.62999998,78.11588668219504
Blue Egg Spoon,18769.37,47765589.99999998,78.14659419236368
Frying Pan Union Flag,18724.7,47784314.69999998,78.17722862045875
Boys Vintage Tin Seaside Bucket,18611.489999999998,47802926.18999998,78.20767783204276
Hanging Clear Mini Bottle,18596.420000000002,47821522.609999985,78.23810238844771
Light Garland Butterfiles Pink,18568.51,47840091.11999998,78.26848128287207
Asstd Design Racing Car Pen,18557.96,47858649.07999998,78.29884291703503
Travel Card Wallet Flower Meadow,18545.67,47877194.749999985,78.32918444422052
Black/Blue Polkadot Umbrella,18536.54,47895731.289999984,78.3595110343267
Dolly Girl Childrens Cup,18516.079999999998,47914247.36999998,78.38980415097812
Filigree Heart Butterfly White,18511.920000000002,47932759.289999984,78.4200904616876
Christmas Table Silver Candle Spike,18504.3,47951263.58999998,78.45036430574382
Small Red Babushka Notebook,18487.27,47969750.859999985,78.48061028797527
Scented Velvet Lounge Candle,18486.47,47988237.32999998,78.51085496137173
Magic Drawing Slate Bunnies,18468.149999999998,48006705.47999998,78.541069662447
Herb Marker Chives,18448.11,48025153.58999998,78.57125157720584
Set Of 3 Bird Light Pink Feather,18424.18,48043577.76999998,78.60139434143815
Vintage Billboard Love/Hate Mug,18423.51,48062001.27999998,78.63153600952116
Magnets Pack Of 4 Vintage Collage,18407.03,48080408.30999998,78.66165071560344
Ceramic Strawberry Design Mug,18398.22,48098806.52999998,78.69175100814043
Dolly Girl Childrens Bowl,18373.46,48117179.98999998,78.72181079223458
Star Wreath Decoration With Bell,18362.02,48135542.00999998,78.75185185998842
Pink Doughnut Trinket Pot,18357.66,48153899.66999998,78.78188579459157
Enamel Measuring Jug Cream,18357.52,48172257.18999998,78.81191950014862
If You Can't Stand The Heat Mug,18290.58,48190547.76999998,78.84184368893814
Victorian Sewing Box Small,18289.19,48208836.95999998,78.87176560362687
Animal Stickers,18276.070000000003,48227113.02999998,78.90166605342182
Advent Calendar Gingham Sack,18223.16,48245336.189999975,78.93147994014282
Illustrated Cat Bowl,18209.899999999998,48263546.089999974,78.96127213292394
3d Vintage Christmas Stickers,18158.06,48281704.149999976,78.99097951319791
Retrospot Red Washing Up Gloves,18109.45,48299813.59999998,79.02060736538601
Pack Of 6 Small Fruit Straws,18097.899999999998,48317911.49999998,79.05021632126898
6 Ribbons Elegant Christmas,18095.55,48336007.049999975,79.07982143244917
Set 36 Colour Pencils Spaceboy,18060.16,48354067.20999997,79.10936864404162
Wall Art Bicycle Safety,17973.48,48372040.68999997,79.13877404336328
Green Polkadot Bowl,17933.84,48389974.52999997,79.16811458991135
Blue Party Bags,17920.54,48407895.06999997,79.19743337707776
Key Ring Baseball Boot Union Jack,17888.16,48425783.22999997,79.22669918914808
Black Wine Glass,17855.82,48443639.04999997,79.25591209156407
Hot Water Bottle Babushka,17841.61,48461480.65999997,79.28510174579858
Fridge Magnets Us Diner Assorted,17809.05,48479289.70999996,79.31423813044916
Poppy's Playhouse Livingroom,17808.48,48497098.18999996,79.3433735825548
3d Traditional Christmas Stickers,17793.45,48514891.63999996,79.37248444492313
Porcelain Rose Small,17782.76,48532674.39999996,79.40157781798395
Birdhouse Garden Marker,17749.2,48550423.599999964,79.43061628541707
Pantry Chopping Board,17663.58,48568087.17999996,79.45951467478575
Polkadot Coffee Cup & Saucer Pink,17618.63,48585705.809999965,79.4883395239886
Christmas Retrospot Star Wood,17589.64,48603295.449999966,79.51711694428363
Card Cat And Tree,17580.06,48620875.50999997,79.5458786912797
Blue Diner Wall Clock,17523.34,48638398.84999997,79.5745476418752
Stars Gift Tape,17512.95,48655911.799999975,79.60319959397631
Large Zinc Heart Wall Organiser,17511.4,48673423.19999997,79.63184901020963
Banquet Birthday Card,17503.5,48690926.69999997,79.66048550169745
Metal Sign Her Dinner Is Served,17456.62,48708383.31999997,79.68904529545506
Set/6 Fruit Salad Paper Cups,17447.99,48725831.30999997,79.71759097015524
Mirror Mosaic T-Light Holder,17443.829999999998,48743275.13999997,79.7461298389135
Etched Glass Coaster,17430.75,48760705.88999997,79.77464730821973
Metal Decoration Naughty Children,17379.6,48778085.48999997,79.80308109388898
Picture Frame Wood Triple Portrait,17363.58,48795449.06999997,79.83148867013763
Lads Only Tissue Box,17338.55,48812787.61999997,79.85985529621162
Retrospot Giant Tube Matches,17333.3,48830120.919999965,79.88821333305602
Metal Sign Empire Tea,17332.27,48847453.18999997,79.91656968477538
Red Metal Beach Spade,17331.59,48864784.77999997,79.944924923985
Pearl Crystal Pumpkin T-Light Hldr,17280.04,48882064.81999997,79.97319582514015
French Bathroom Sign Blue Metal,17263.1,48899327.91999997,80.00143901171447
Set3 Book Box Green Gingham Flower,17182.36,48916510.27999997,80.02955010411775
Girls Vintage Tin Seaside Bucket,17143.72,48933653.99999997,80.05759797979117
Treasure Tin Buffalo Bill,17106.79,48950760.78999997,80.08558543636951
Vanilla Scent Candle Jewelled Box,17075.19,48967835.97999997,80.11352119396588
Asstd Multicolour Circles Mug,17045.640000000003,48984881.61999997,80.14140860646992
Filigree Heart Bird White,16954.82,49001836.43999997,80.1691474334821
Watering Can Green Dinosaur,16917.19,49018753.629999965,80.19682469616858
Ceramic Cake Design Spotted Mug,16861.670000000002,49035615.29999997,80.224411125707
Pack Of 20 Spaceboy Napkins,16799.059999999998,49052414.35999997,80.25189512254725
Ribbon Reel Lace Design,16774.62,49069188.97999997,80.27933913447868
Key Ring Baseball Boot Assorted,16771.2,49085960.17999997,80.30677755114053
Felt Farm Animal White Bunny,16767.87,49102728.04999997,80.33421051977673
Feltcraft Doll Emily,16765.03,49119493.07999997,80.36163884204875
White Wicker Star,16745.63,49136238.70999997,80.38903542507234
Regency Tea Spoon,16738.55,49152977.25999997,80.41642042490629
3 Traditional Biscuit Cutters Set,16731.56,49169708.81999997,80.44379398879454
Mirror Mosaic Votive Holder,16728.12,49186436.93999997,80.47116192469235
Bread Bin Diner Style Red,16697.22,49203134.15999997,80.49847930683879
Black And White Cat Bowl,16678.37,49219812.529999964,80.52576584956086
Vintage Blue Kitchen Cabinet,16647.16,49236459.68999996,80.55300133135802
Set 36 Colouring Pencils Doily,16638.12,49253097.80999996,80.58022202331982
3 Tier Cake Tin Red And Cream,16563.05,49269660.859999955,80.60731989747855
Drawer Knob Crackle Glaze Blue,16540.3,49286201.15999995,80.63438055164234
Swiss Roll Towel Pink Spots,16502.98,49302704.13999995,80.66138014865402
Decorative Wicker Heart Small,16497.0,49319201.13999995,80.68836996212416
Card Wedding Day,16456.54,49335657.67999995,80.71529358126483
Red Polkadot Coffee Mug,16451.120000000003,49352108.799999945,80.7422083330485
Wood Stamp Set Thank You,16447.61,49368556.409999944,80.76911734231864
I Can Only Please One Person Mug,16410.56,49384966.96999995,80.79596573616847
Small Purple Babushka Notebook,16364.779999999999,49401331.74999995,80.8227392319362
Family Photo Frame Cornice,16356.29,49417688.03999995,80.8494988376926
Basket Of Toadstools,16336.64,49434024.67999995,80.87622629518965
Doormat Vintage Leaf,16315.69,49450340.369999945,80.90291947757049
Black Champagne Glass,16314.810000000001,49466655.17999995,80.92961122023284
Sketchbook Magnetic Shopping List,16224.73,49482879.909999944,80.95615558807569
Red Retrospot Childrens Umbrella,16213.720000000001,49499093.62999994,80.98268194307704
Ribbon Reel Christmas Present,16188.0,49515281.62999994,81.00916621903356
Union Stripe With Fringe Hammock,16186.199999999999,49531467.829999946,81.03564755011136
Reindeer Heart Decoration Silver,16171.31,49547639.13999995,81.06210452049798
Swallow Square Tissue Box,16171.300000000001,49563810.439999945,81.08856147452414
Dinosaur Lunch Box With Cutlery,16114.539999999999,49579924.979999945,81.114925566708
Round Cake Tin Vintage Red,16104.64,49596029.619999945,81.1412734620589
Danish Rose Photo Frame,16093.24,49612122.85999995,81.16760270651125
Rose Cottage Keepsake Box,16083.78,49628206.63999995,81.19391647398989
Natural Hanging Quilted Hearts,16045.13,49644251.76999995,81.22016700837821
Wrap Flower Shop,16001.75,49660253.51999995,81.24634657118938
Kneeling Mat Housework Design,16001.69,49676255.20999995,81.27252603583793
Glitter Hanging Butterfly String,15951.710000000001,49692206.91999995,81.29862373102068
Slate Tile Natural Hanging,15896.99,49708103.90999995,81.32463190189034
Set 10 Night Owl Lights,15883.19,49723987.09999995,81.35061749535647
Feltcraft Girl Amelie Kit,15873.43,49739860.52999995,81.37658712103578
Set Of 6 3d Kit Cards For Kids,15859.9,49755720.42999995,81.40253461104335
Tote Bag I Love London,15827.300000000001,49771547.729999945,81.42842876602522
Cosy Hour Cigar Box Matches,15792.76,49787340.48999994,81.45426641205655
Holiday Fun Ludo,15774.529999999999,49803115.01999994,81.48007423301061
Porcelain Budah Incense Holder,15771.83,49818886.84999994,81.5058776366466
Drawer Knob Crackle Glaze Green,15767.22,49834654.06999994,81.53167349812097
White Wood Garden Plant Ladder,15765.65,49850419.71999994,81.55746679100669
Toy Tidy Spaceboy,15755.84,49866175.55999994,81.58324403430338
Mint Kitchen Scales,15754.220000000001,49881929.77999994,81.60901862720921
Mini Cake Stand With Hanging Cakes,15747.61,49897677.38999994,81.63478240586598
Small Ivory Heart Wall Organiser,15738.16,49913415.54999994,81.66053072390943
Lavender Scented Fabric Heart,15731.68,49929147.22999994,81.68626844038953
Set/6 Turquoise Butterfly T-Lights,15730.41,49944877.63999993,81.71200407909407
Monsters Stencil Craft,15726.1,49960603.739999935,81.73773266645013
Bottle Bag Retrospot,15725.19,49976328.92999993,81.76345976500639
Watering Can Garden Marker,15684.77,49992013.699999936,81.78912073467494
Pack Of 12 Vintage Leaf Tissues,15663.01,50007676.709999934,81.81474610403185
Balloons Writing Set,15644.48,50023321.18999993,81.84034115749839
Vintage Caravan Greeting Card,15643.599999999999,50038964.78999993,81.86593477124643
Set Of 12 Fork Candles,15622.900000000001,50054587.68999993,81.8914945188892
Oven Mitt Apples Design,15621.210000000001,50070208.89999993,81.91705150161806
Moody Girl Door Hanger,15595.93,50085804.82999993,81.94256712516133
Set Of 4 Napkin Charms Cutlery,15593.03,50101397.85999993,81.96807800417778
Metal Sign Drop Your Pants,15546.34,50116944.199999936,81.99351249631232
Set Of 6 Herb Tins Sketchbook,15539.960000000001,50132484.15999994,82.01893655048784
Round Snack Boxes Set Of 4 Skulls,15539.92,50148024.07999994,82.04436053922163
Red Metal Box Top Secret,15525.09,50163549.16999994,82.06976026542682
First Aid Tin,15507.35,50179056.51999994,82.0951309682162
Hanging Chick Cream Decoration,15489.05,50194545.56999994,82.12047173140525
Caravan Square Tissue Box,15446.82,50209992.38999994,82.14574340446744
Tropical Honeycomb Paper Garland,15443.19,50225435.57999994,82.17100913869088
Fridge Magnets La Vie En Rose,15421.01,50240856.58999994,82.19623858546429
Toxic Area Door Hanger,15412.220000000001,50256268.809999935,82.2214536514133
Bird House Hot Water Bottle,15389.259999999998,50271658.06999993,82.24663115379819
Airline Bag Vintage Tokyo 78,15358.03,50287016.099999934,82.27175756253729
Set 3 Song Bird Paper Eggs Assorted,15335.61,50302351.709999934,82.29684729117588
Wall Art Classic Puddings,15299.19,50317650.89999993,82.3218774351017
Rocking Horse Green Christmas,15288.449999999999,50332939.349999934,82.34689000791784
French Toilet Sign Blue Metal,15255.410000000002,50348194.75999993,82.371848525849
S/6 Wooden Skittles In Cotton Bag,15223.44,50363418.19999993,82.39675473946201
Swallow Wooden Christmas Decoration,15210.13,50378628.32999993,82.42163917733295
Tumbler New England,15196.68,50393825.00999993,82.44650161041565
Pink Floral Feltcraft Shoulder Bag,15188.73,50409013.73999993,82.47135103695067
Mini Cake Stand Hanging Strawbery,15131.23,50424144.969999924,82.49610639097104
Teatime Round Pencil Sharpener,15067.59,50439212.55999993,82.5207576271682
Doormat Topiary,14988.7,50454201.25999993,82.54527979587525
Black And White Dog Bowl,14951.16,50469152.41999993,82.56974054750052
Painted Metal Heart With Holly Bell,14950.23,50484102.649999924,82.59419977760513
Drawer Knob Crackle Glaze Pink,14937.710000000001,50499040.359999925,82.61863852444219
Mini Jigsaw Bake A Cake,14889.41,50513929.76999992,82.64299825036694
Red Retrospot Butter Dish,14870.31,50528800.07999992,82.66732672785638
Strawberry Honeycomb Garland,14854.76,50543654.83999992,82.69162976486575
Wood Stocking Christmas Scandispot,14854.13,50558508.969999924,82.71593177116759
Set Of 6 T-Lights Santa,14851.2,50573360.16999993,82.74022898386127
Silver Glitter Flower Votive Holder,14805.92,50588166.08999993,82.76445211649474
Magnets Pack Of 4 Home Sweet Home,14805.69,50602971.77999993,82.7886748728381
Kitty Pencil Erasers,14787.820000000002,50617759.59999993,82.81286839307997
Swiss Chalet Tree Decoration,14777.22,50632536.819999926,82.83704457125826
Triple Photo Frame Cornice,14760.67,50647297.48999993,82.86119367291276
Children's Circus Parade Mug,14714.76,50662012.249999925,82.88526766379947
Large Cake Towel Pink Spots,14707.06,50676719.30999993,82.90932905714942
Red Baby Bunting,14701.029999999999,50691420.33999993,82.93338058515569
Spaceboy Mini Backpack,14645.03,50706065.36999993,82.95734049471285
6 Ribbons Shimmering Pinks,14616.79,50720682.15999993,82.981254202395
Cake Plate Lovebird White,14588.76,50735270.91999993,83.00512205177128
Glass Apothecary Bottle Perfume,14560.38,50749831.29999993,83.02894347022644
Set Of 4 Knick Knack Tins Leaf,14555.25,50764386.54999993,83.05275649577722
Fridge Magnets Les Enfants Assorted,14520.31,50778906.85999993,83.07651235795996
Apple Bath Sponge,14506.74,50793413.599999934,83.10024601902924
Set 36 Colour Pencils Dolly Girl,14500.66,50807914.25999993,83.12396973295262
Box Of Vintage Jigsaw Blocks,14496.289999999999,50822410.54999993,83.14768629736488
Red Heart Shape Love Bucket,14489.76,50836900.30999993,83.17139217841155
Green Christmas Tree Card Holder,14458.13,50851358.43999993,83.19504631139496
Easter Tin Bunny Bouquet,14455.62,50865814.05999993,83.21869633790858
Glamorous Mug,14411.07,50880225.12999993,83.24227347867388
Picnic Boxes Set Of 3 Retrospot,14376.22,50894601.34999993,83.26579360331507
Christmas Retrospot Tree Wood,14364.05,50908965.399999924,83.28929381730403
Wall Art Dog Licence,14336.51,50923301.90999992,83.31274897464857
Childs Breakfast Set Spaceboy,14312.050000000001,50937613.95999992,83.33616411436338
Fairy Cakes Notebook A6 Size,14301.57,50951915.52999992,83.35956210833989
Party Time Pencil Erasers,14296.880000000001,50966212.40999992,83.38295242927127
Set Of 4 English Rose Coasters,14295.84,50980508.249999925,83.40634104871717
Set Of 2 Ceramic Painted Hearts,14272.380000000001,50994780.62999993,83.42969128657708
Wall Art Keep Calm,14249.640000000001,51009030.26999993,83.45300432080252
Glitter Butterfly Clips,14249.05,51023279.319999926,83.47631638976212
Dark Bird House Tree Decoration,14221.06,51037500.37999993,83.49958266585763
Mini Funky Design Tapes,14173.279999999999,51051673.65999993,83.52277077178358
Set Of 3 Cake Tins Sketchbook,14166.97,51065840.62999993,83.54594855427355
Food Cover With Beads Set 2,14150.109999999999,51079990.73999993,83.56909875306617
Ribbon Reel Making Snowmen,14128.75,51094119.48999993,83.59221400596466
Red Spot Paper Gift Bag,14123.23,51108242.719999924,83.61532022790173
Silver Hearts Table Decoration,14119.439999999999,51122362.15999992,83.63842024923306
Doormat Airmail,14117.2,51136479.359999925,83.66151660582644
Candy Heart Hanging Decoration,14111.01,51150590.36999992,83.68460283530908
Antique Glass Pedestal Bowl,14105.33,51164695.69999992,83.70767977206333
Kids Rain Mac Blue,14101.0,51178796.69999992,83.73074962474821
Set Of 4 English Rose Placemats,14082.73,51192879.42999992,83.75378958691408
Childrens Cutlery Circus Parade,14080.94,51206960.369999915,83.77682662056166
Hyacinth Bulb T-Light Candles,14072.7,51221033.06999992,83.7998501732089
Magnets Pack Of 4 Vintage Labels,14072.61,51235105.67999992,83.82287357861219
Cherub Heart Decoration Silver,14052.08,51249157.759999916,83.84586339603763
Office Mug Warmer Black+Silver,14045.45,51263203.20999992,83.86884236649314
Set 8 Candles Vintage Doily,14043.359999999999,51277246.56999992,83.8918179176172
Hook 1 Hanger Magic Garden,14043.14,51291289.70999992,83.9147931088117
Filigree Heart Daisy White,14012.37,51305302.079999916,83.93771795894047
Wrap Wedding Day,14010.75,51319312.829999916,83.96064015867842
36 Foil Star Cake Cases,14010.09,51333322.91999992,83.9835612786275
Ribbon Reel Polkadots,13988.31,51347311.22999992,84.00644676554407
Wooden Advent Calendar Red,13977.18,51361288.40999992,84.02931404329388
Flowers Chandelier T-Light Holder,13954.230000000001,51375242.63999992,84.05214377383999
Laurel Heart Antique Silver,13910.56,51389153.19999992,84.0749020583563
Pack Of 12 Dolly Girl Tissues,13908.27,51403061.469999924,84.09765659633244
French Kitchen Sign Blue Metal,13905.000000000002,51416966.469999924,84.12040578444558
Mirror Mosaic T-Light Holder Round,13866.779999999999,51430833.249999925,84.14309244296722
Pretty Hanging Quilted Hearts,13859.13,51444692.37999993,84.1657665857543
White Sage Incense,13838.66,51458531.039999925,84.18840723872616
Red Egg Spoon,13833.35,51472364.389999926,84.21103920430579
Red Charlie+Lola Personal Doorsign,13809.07,51486173.45999993,84.23363144674359
Baking Mould Heart Milk Chocolate,13799.4,51499972.859999925,84.25620786863847
Polyester Filler Pad 45x45cm,13794.8,51513767.65999992,84.27877676473217
Man Flu Metal Sign,13793.6,51527561.25999992,84.30134369757342
Hanging Butterfly T-Light Holder,13784.45,51541345.70999993,84.32389566061448
Lipstick Pen Baby Pink,13764.23,51555109.93999992,84.34641454285126
Doormat Respectable House,13740.38,51568850.319999926,84.368894405445
Spaceboy Childrens Egg Cup,13729.6,51582579.91999993,84.3913566314873
Large Chinese Style Scissor,13693.960000000001,51596273.87999993,84.41376054893092
Hanging Quilted Patchwork Apples,13693.179999999998,51609967.05999993,84.43616319026044
Romantic Pinks Ribbons,13650.900000000001,51623617.95999993,84.45849665966092
Set Of 2 Christmas Decoupage Candle,13645.380000000001,51637263.33999993,84.4808210981
Wall Art Big Love,13636.58,51650899.91999993,84.5031311393542
Zinc Star T-Light Holder,13627.82,51664527.73999993,84.52542684886531
Wrap Bird Garden,13626.9,51678154.639999926,84.54772105321618
Small Folkart Star Christmas Dec,13617.46,51691772.09999993,84.5699998133142
Rose 3 Wick Morris Box Candle,13591.82,51705363.91999993,84.5922366252509
Noel Garland Painted Zinc,13566.53,51718930.44999993,84.6144320616416
Biscuits Small Bowl Light Blue,13521.34,51732451.78999993,84.63655356521598
Heart Calculator,13494.48,51745946.26999993,84.65863112465567
Set/6 Fruit Salad Paper Plates,13490.65,51759436.91999993,84.68070241804784
Easter Tin Keepsake,13484.82,51772921.73999993,84.70276417330507
Gold Mini Tape Measure,13479.18,51786400.91999993,84.72481670127564
Pink Paisley Square Tissue Box,13472.730000000001,51799873.649999924,84.74685867676413
French Blue Metal Door Sign 1,13471.949999999999,51813345.59999993,84.7688993761385
Pack Of 6 Sweetie Gift Boxes,13446.14,51826791.73999993,84.79089784922414
Red Retrospot Oven Glove Double,13440.37,51840232.109999925,84.81288688233741
Star T-Light Holder Willie Winkie,13439.62,51853671.72999992,84.83487468841788
Glass Jar English Confectionery,13437.46,51867109.18999992,84.8568589606439
Heart Shaped Holly Wreath,13426.75,51880535.93999992,84.87882571084153
Set Of 4 Santa Place Settings,13409.650000000001,51893945.58999992,84.90076448469131
Christmas Tree Decoration With Bell,13365.52,51907311.109999925,84.92263105993115
Large Ivory Heart Wall Organiser,13319.550000000001,51920630.65999992,84.94442242624055
Antique All Glass Candlestick,13316.890000000001,51933947.54999992,84.96620944067362
Hanging Chick Yellow Decoration,13316.38,51947263.929999925,84.98799562072439
Bath Building Block Word,13308.699999999999,51960572.62999993,85.0097692359593
Strawberry Bath Sponge,13302.71,51973875.33999993,85.03153305129224
Party Cones Candy Decoration,13301.949999999999,51987177.28999993,85.05329562323195
Mistletoe Heart Wreath Green,13290.65,52000467.93999993,85.07503970787745
Daisy Garden Marker,13282.41,52013750.34999993,85.09677031152259
Mistletoe Heart Wreath Cream,13269.83,52027020.179999925,85.11848033373757
Multicolour Honeycomb Fan,13261.519999999999,52040281.69999993,85.14017676042913
Cinnamon Scented Votive Candle,13259.36,52053541.05999993,85.16186965326621
Folding Butterfly Mirror Red,13249.849999999999,52066790.90999993,85.18354698732742
Wall Art Only One Person,13242.15,52080033.05999993,85.20521172385185
Vintage Cream Cat Food Container,13219.54,52093252.59999993,85.22683946942746
Magnets Pack Of 4 Childhood Memory,13155.74,52106408.33999993,85.24836283541292
White Bell Honeycomb Paper,13155.029999999999,52119563.36999993,85.2698850398073
Bull Dog Bottle Opener,13124.75,52132688.11999993,85.29135770479743
Magic Sheep Wool Growing From Paper,13124.289999999999,52145812.40999993,85.31282961720746
Wrap Monster Fun,13112.76,52158925.16999993,85.33428266603322
Decorative Rose Bathroom Bottle,13104.720000000001,52172029.889999926,85.35572256106737
3d Christmas Stamps Stickers,13102.71,52185132.59999993,85.37715916765363
Set/4 Spring Flower Decoration,13099.35,52198231.94999993,85.39859027713294
Parisienne Jewellery Drawer,13078.53,52211310.47999993,85.41998732418173
Fairy Dreams Incense,13072.86,52224383.33999993,85.44137509486254
Pantry Pastry Brush,13070.62,52237453.95999993,85.46275920080537
Vintage Red Trim Enamel Bowl,13069.300000000001,52250523.25999992,85.48414114717049
Magnets Pack Of 4 Retro Photo,13059.789999999999,52263583.04999992,85.5055075347597
Card Dog And Ball,13037.06,52276620.109999925,85.52683673507485
Do Not Touch My Stuff Door Hanger,13012.7,52289632.80999993,85.54812608136466
Multicolour Honeycomb Paper Garland,12984.83,52302617.639999926,85.56936983111562
Pink Paisley Rose Gift Wrap,12981.0,52315598.639999926,85.59060731481908
Pig Keyring With Light & Sound,12980.460000000001,52328579.09999993,85.61184391505893
Bag 500g Swirly Marbles,12958.73,52341537.82999992,85.63304496406843
Home Sweet Home Blackboard,12949.18,52354487.00999992,85.6542303888603
Edwardian Parasol Pink,12944.49,52367431.499999925,85.67540814060705
Childs Breakfast Set Dolly Girl,12923.130000000001,52380354.62999993,85.69655094645965
Food/Drink Sponge Stickers,12912.400000000001,52393267.02999993,85.717676197563
Assorted Easter Gift Tags,12881.45,52406148.47999993,85.73875081311282
Glass Beurre Dish,12844.12,52418992.59999993,85.75976435515003
Set/10 Ivory Polkadot Party Candles,12841.61,52431834.20999993,85.78077379071748
Decoration Wobbly Rabbit Metal,12829.789999999999,52444663.999999925,85.801763888248
Playing Cards I Love London,12815.04,52457479.039999925,85.82272985413347
Empire Birthday Card,12791.66,52470270.69999992,85.84365756931645
Party Invites Woodland,12751.75,52483022.44999992,85.86451998999402
Gaolers Keys Decorative Garden,12743.35,52495765.79999992,85.88536866790423
6 Ribbons Empire,12703.36,52508469.15999992,85.90615192042554
Pack Of 12 Red Apple Tissues,12701.08,52521170.23999992,85.92693144276714
Jungle Popsicles Ice Lolly Moulds,12631.06,52533801.29999992,85.94759640932654
Ceramic Strawberry Money Box,12621.630000000001,52546422.929999925,85.96824594799351
Silver Mug Bone China Tree Of Life,12597.279999999999,52559020.20999993,85.98885564899558
Skull And Crossbones Garland,12586.23,52571606.43999992,86.00944727171441
Ocean Scent Candle In Jewelled Box,12579.66,52584186.09999992,86.03002814562589
Recycled Acapulco Mat Turquoise,12550.630000000001,52596736.72999992,86.0505615251878
Grow Your Own Basil In Enamel Mug,12536.26,52609272.98999992,86.07107139480127
Emergency First Aid Tin,12530.67,52621803.65999992,86.09157211893024
Baking Mould Chocolate Cupcakes,12490.359999999999,52634294.01999992,86.11200689413634
Charlie+Lola Pink Hot Water Bottle,12489.15,52646783.16999992,86.13243968972952
Large Popcorn Holder,12424.0,52659207.16999992,86.15276589707346
Funky Washing Up Gloves Assorted,12408.7,52671615.86999992,86.1730670729483
Potting Shed Twine,12398.62,52684014.48999992,86.19335175750228
Retrospot Small Tube Matches,12395.68,52696410.16999992,86.2136316320877
Jumbo Bag Charlie And Lola Toys,12395.51,52708805.67999992,86.23391122854567
Hearts Gift Tape,12390.01,52721195.689999916,86.25418182676312
Victorian Sewing Box Medium,12382.88,52733578.56999992,86.27444075998875
Spaceboy Baby Gift Set,12379.630000000001,52745958.19999992,86.29469437607226
Skulls Stickers,12373.15,52758331.34999992,86.31493739059236
Vintage Billboard Mug,12364.22,52770695.56999992,86.3351657952419
Hanging Spring Flower Egg Small,12314.51,52783010.079999916,86.35531287215748
6 Chocolate Love Heart T-Lights,12312.49,52795322.56999992,86.37545664426472
Cakes And Bows Gift Tape,12305.82,52807628.38999992,86.39558950396024
Circus Parade Childrens Egg Cup,12305.76,52819934.14999992,86.41572226549314
Glass Apothecary Bottle Tonic,12297.2,52832231.34999992,86.43584102249172
Decorative Cats Bathroom Bottle,12288.630000000001,52844519.97999992,86.45594575859548
Assorted Tutti Frutti Keyring Ball,12283.82,52856803.79999992,86.47604262532887
Ivory Hanging Decoration Bird,12281.07,52869084.86999992,86.49613499294199
Baking Mould Easter Egg Milk Choc,12276.39,52881361.25999992,86.51621970387045
Skulls Party Bag + Sticker Set,12241.02,52893602.27999993,86.53624654793205
Enchanted Bird Coathanger 5 Hook,12210.4,52905812.679999925,86.55622329633455
Green Polkadot Plate,12203.27,52918015.94999993,86.57618837974522
Set Of 2 Wooden Market Crates,12195.03,52930210.97999993,86.59613998215553
French Lavender Scent Heart,12151.61,52942362.58999993,86.61602054754694
Petit Tray Chic,12150.39,52954512.97999993,86.63589911696499
3 Rose Morris Boxed Candles,12127.66,52966640.639999926,86.65574049910896
Christmas Card Screen Print,12123.58,52978764.219999924,86.67557520619451
Antique Tall Swirlglass Trinket Pot,12042.21,52990806.429999925,86.69527678840147
Party Pizza Dish Pink Polkadot,12027.94,53002834.36999992,86.71495502426437
Hairclips Forties Fabric Assorted,12023.76,53014858.12999992,86.73462642146445
Strawberry Fairy Cake Teapot,12019.05,53026877.17999992,86.75429011289853
Doormat Merry Christmas Red,11989.210000000001,53038866.38999992,86.77390498478763
Set Of 6 T-Lights Snowmen,11988.65,53050855.03999992,86.79351894049223
Moody Boy Door Hanger,11960.24,53062815.27999992,86.8130864161944
Set 12 Vintage Doily Chalk,11959.84,53074775.11999992,86.83265323747904
Glass Apothecary Bottle Elixir,11942.56,53086717.679999925,86.85219178792796
Retro Plastic Elephant Tray,11912.22,53098629.899999924,86.87168070081002
Ivory Paper Cup Cake Cases,11908.8,53110538.69999992,86.89116401842251
Bicycle Puncture Repair Kit,11905.07,53122443.76999992,86.91064123359187
Poppy's Playhouse Bathroom,11798.18,53134241.94999992,86.92994357204658
Set Of 12 T-Lights Vintage Doily,11783.39,53146025.33999992,86.94922171341446
French Blue Metal Door Sign 2,11681.98,53157707.31999992,86.96833394358733
Vintage Embossed Heart,11674.69,53169382.009999916,86.98743424700139
Cream Sweetheart Egg Holder,11661.95,53181043.95999992,87.0065137072183
Victorian Sewing Box Large,11659.25,53192703.20999992,87.02558875011712
Envelope 50 Blossom Images,11653.8,53204357.009999916,87.04465487657757
Vintage Billboard Drink Me Mug,11618.26,53215975.269999914,87.06366285804376
Cream Felt Easter Egg Basket,11615.83,53227591.09999991,87.08266686392366
Cute Cats Tape,11611.08,53239202.17999991,87.10166309859585
Small Parisienne Heart Photo Frame,11600.12,53250802.29999991,87.12064140222869
Wooden Advent Calendar Cream,11595.37,53262397.669999905,87.13961193465381
Blue Polkadot Egg Cup,11583.04,53273980.709999904,87.15856229465972
Large Pink Glass Sundae Dish,11570.03,53285550.739999905,87.17749136973663
Strawbry Scented Votive Candle,11563.710000000001,53297114.449999906,87.19641010501716
Mini Jigsaw Bunnies,11513.07,53308627.51999991,87.21524599104303
White Heart Confetti In Tube,11511.3,53320138.8199999,87.23407898127148
Glass Cloche Small,11498.140000000001,53331636.959999904,87.25289044116441
Red Love Heart Shape Cup,11458.24,53343095.199999906,87.27163662291238
Small Red Retrospot Mug In Box,11453.82,53354549.01999991,87.29037557334703
Red Flock Love Heart Photo Frame,11448.91,53365997.9299999,87.30910649080697
12 Ivory Rose Peg Place Settings,11446.02,53377443.949999906,87.32783268010051
Set 36 Colour Pencils Love London,11434.86,53388878.809999906,87.34654061114598
Chocolate Calculator,11434.29,53400313.099999905,87.36524760964653
Vintage Christmas Gift Bag Large,11433.62,53411746.7199999,87.38395351199779
Set Of 4 Knick Knack Tins Poppies,11411.67,53423158.389999904,87.40262350318908
Popart Rect Pencil Sharpener Asst,11407.68,53434566.0699999,87.42128696656589
Photo Frame 3 Classic Hanging,11405.15,53445971.2199999,87.43994629075203
Drawer Knob Ceramic Black,11385.289999999999,53457356.5099999,87.45857312310964
Felt Egg Cosy Chicken,11373.75,53468730.2599999,87.47718107552258
3 Tier Cake Tin Green And Cream,11355.44,53480085.6999999,87.49575907197473
Set Of 36 Dolly Girl Paper Doilies,11355.26,53491440.9599999,87.51433677393902
Metal Sign Neighbourhood Witch,11354.28,53502795.2399999,87.53291287258047
Toothpaste Tube Pen,11347.619999999999,53514142.859999895,87.55147807517064
Charlie & Lola Wastepaper Bin Flora,11334.25,53525477.109999895,87.57002140385609
Wrap Christmas Screen Print,11319.0,53536796.109999895,87.58853978287462
Diamante Ring Assorted In Box,11315.52,53548111.6299999,87.60705246846095
French Laundry Sign Blue Metal,11307.26,53559418.8899999,87.62555164032604
Hen House Decoration,11293.64,53570712.5299999,87.64402852927549
50'S Christmas Gift Bag Large,11292.66,53582005.18999989,87.66250381490207
Vintage Doily Deluxe Sewing Kit,11236.32,53593241.50999989,87.68088692582471
Mini Playing Cards Fun Fair,11196.199999999999,53604437.7099999,87.69920439867278
Blue Charlie+Lola Personal Doorsign,11175.74,53615613.4499999,87.71748839806605
Home Garland Painted Zinc,11167.050000000001,53626780.499999896,87.73575818023927
Jigsaw Tree With Watering Can,11157.71,53637938.2099999,87.75401268176404
Wood Stamp Set Flowers,11153.789999999999,53649091.999999896,87.77226076999736
Gumball Magazine Rack,11148.01,53660240.00999989,87.7904994018979
Wrap Magic Forest,11144.25,53671384.25999989,87.80873188227402
Beaded Pearl Heart White On Stick,11132.23,53682516.48999989,87.82694469740443
French Blue Metal Door Sign No,11124.04,53693640.52999989,87.84514411333669
Jigsaw Tree With Birdhouse,11122.66,53704763.189999886,87.8633412715286
Woodland Mini Backpack,11111.91,53715875.09999988,87.88152084225037
Magic Drawing Slate Leap Frog,11096.619999999999,53726971.71999988,87.89967539786343
Heart T-Light Holder Willie Winkie,11062.77,53738034.48999988,87.91777457339616
S/4 Pink Flower Candles In Bowl,11037.16,53749071.64999988,87.93583184984884
Baking Mould Toffee Cup Chocolate,11008.93,53760080.57999988,87.95384294078694
Party Pizza Dish Blue Polkadot,10997.3,53771077.879999876,87.97183500453643
Dolly Girl Baby Gift Set,10991.710000000001,53782069.58999988,87.98981792280144
Round Storage Tin Vintage Leaf,10943.85,53793013.43999988,88.00772254001338
Large Purple Babushka Notebook,10922.91,53803936.349999875,88.02559289846953
Dolly Girl Childrens Egg Cup,10921.78,53814858.129999876,88.04346140819626
Vintage Bead Pink Purse,10917.13,53825775.25999988,88.06132231031964
Pack Of 12 Sticky Bunnies,10899.699999999999,53836674.95999988,88.07915469620076
Home Sweet Home Cushion Cover,10896.63,53847571.589999884,88.0969820594276
White Bamboo Ribs Lampshade,10880.08,53858451.66999988,88.11478234613065
Ceramic Cake Stand + Hanging Cakes,10878.880000000001,53869330.549999885,88.13258066958122
White Lovebird Lantern,10878.65,53880209.199999884,88.15037861674173
Bunny Wooden Painted With Bird,10868.11,53891077.30999988,88.1681593200013
Beaded Chandelier T-Light Holder,10861.91,53901939.21999988,88.1859298797897
Set 3 Wicker Oval Baskets W Lids,10855.26,53912794.47999988,88.2036895598873
Parisienne Key Cabinet,10849.17,53923643.64999988,88.22143927647855
Pink Owl Soft Toy,10822.05,53934465.69999988,88.23914462356375
Blue Pudding Spoon,10785.74,53945251.43999988,88.25679056590099
Black Candelabra T-Light Holder,10780.75,53956032.18999988,88.27442834438
Pink Heart Confetti In Tube,10755.09,53966787.27999988,88.29202414197682
Doormat Peace On Earth Blue,10752.97,53977540.24999988,88.30961647116092
Childs Breakfast Set Circus Parade,10749.03,53988289.27999988,88.32720235433271
Make Your Own Flowerpower Card Kit,10716.11,53999005.38999988,88.34473437894479
Dinosaurs Writing Set,10704.95,54009710.339999884,88.36224814530881
Wood Stamp Set Best Wishes,10693.699999999999,54020404.03999989,88.37974350618083
Red Retrospot Tea Cup And Saucer,10690.73,54031094.769999884,88.39723400800297
Feltcraft Girl Nicole Kit,10671.98,54041766.74999988,88.41469383400509
Toadstool Money Box,10670.6,54052437.34999988,88.43215140226687
Hanging Chick Green Decoration,10670.43,54063107.77999988,88.44960869240121
Orange Votive Candle,10659.84,54073767.619999886,88.46704865683242
Red Spot Gift Bag Large,10653.43,54084421.049999885,88.4844781342233
Large Red Babushka Notebook,10640.84,54095061.88999989,88.50188701382356
Ridged Glass Finger Bowl,10629.0,54105690.88999989,88.51927652266603
200 Red + White Bendy Straws,10623.44,54116314.32999989,88.53665693510534
4 Vanilla Botanical Candles,10622.58,54126936.909999885,88.55403594054704
Reindeer Heart Decoration Gold,10608.179999999998,54137545.089999884,88.57139138695898
Retrospot Padded Seat Cushion,10591.77,54148136.85999989,88.58871998589325
Hanging Spring Flower Egg Large,10560.64,54158697.49999989,88.6059976547861
Triple Hook Antique Ivory Rose,10546.0,54169243.49999989,88.62325137199869
Set/6 Purple Butterfly T-Lights,10525.35,54179768.84999989,88.64047130490819
Tradtional Alphabet Stamp Set,10511.62,54190280.46999989,88.65766877493722
Decoration White Chick Magic Garden,10504.99,54200785.45999989,88.67485539799631
Assorted Mini Madras Notebook,10498.07,54211283.52999989,88.69203069963277
Set Of 6 T-Lights Cacti,10476.69,54221760.21999989,88.70917102265419
Blue Scandinavian Paisley Wrap,10455.5,54232215.71999989,88.72627667790891
Welcome Wooden Block Letters,10446.210000000001,54242661.92999989,88.74336713431735
Owl Doorstop,10439.18,54253101.10999989,88.76044608933833
T-Light Holder Sweetheart Hanging,10429.93,54263531.03999989,88.77750991095479
English Rose Spirit Level,10424.99,54273956.02999989,88.79456565051521
Pharmacie First Aid Tin,10404.7,54284360.72999989,88.81158819474828
Flowers Tile Coaster,10389.64,54294750.36999989,88.82858610016272
Classic Bicycle Clips,10383.44,54305133.80999989,88.84557386210601
Enamel Wash Bowl Cream,10378.92,54315512.72999989,88.86255422913162
Large Cake Towel Chocolate Spots,10364.82,54325877.54999989,88.8795115279406
3 White Choc Morris Boxed Candles,10346.79,54336224.33999989,88.89643932888106
Set/4 Skull Badges,10341.46,54346565.79999989,88.91335840970841
Childs Garden Fork Blue,10341.42,54356907.219999894,88.93027742509402
Assorted Colour Lizard Suction Hook,10336.67,54367243.8899999,88.94718866927191
Hanging Hen On Nest Decoration,10325.29,54377569.179999895,88.9640812952721
Birthday Banquet Gift Wrap,10311.0,54387880.179999895,88.98095054220734
Set Of 72 Skull Paper Doilies,10283.0,54398163.179999895,88.99777397991804
Large Hanging Ivory & Red Wood Bird,10271.8,54408434.97999989,89.01457909393893
Single Wire Hook Ivory Heart,10271.67,54418706.649999894,89.03138399527414
Vintage Bells Garland,10258.77,54428965.4199999,89.04816779164518
Baking Mould Heart White Chocolate,10249.43,54439214.8499999,89.06493630736776
Set/3 Christmas Decoupage Candles,10182.42,54449397.2699999,89.08159519179975
Kids Rain Mac Pink,10178.48,54459575.749999896,89.09824763021945
Small Pink Glass Sundae Dish,10176.77,54469752.5199999,89.11489727100435
Wood Stamp Set Happy Birthday,10174.55,54479927.069999896,89.13154327977216
Union Jack Flag Passport Cover,10172.57,54490099.6399999,89.14818604917339
Bird Decoration Red Retrospot,10167.86,54500267.499999896,89.16482111280862
Set Of 6 T-Lights Toadstools,10141.25,54510408.749999896,89.18141264132012
Cocktail Swords 50 Pieces,10140.49,54520549.2399999,89.19800292643838
Feltcraft Hairbands Pink And White,10134.2,54530683.4399999,89.21458292084156
Pastel Colour Honeycomb Fan,10128.43,54540811.8699999,89.2311534752724
Charlie + Lola Red Hot Water Bottle,10122.15,54550934.0199999,89.24771375534857
Party Pizza Dish Green Polkadot,10104.55,54561038.569999896,89.26424524105504
Felt Farm Animal Rabbit,10104.36,54571142.929999895,89.28077641591321
Belle Jardiniere Cushion Cover,10103.0,54581245.929999895,89.2973053657519
Sewing Susan 21 Needle Set,10045.33,54591291.25999989,89.31373996494848
Aluminium Stamped Heart,10042.380000000001,54601333.6399999,89.33016973781605
Set Of 36 Spaceboy Paper Doilies,10032.85,54611366.4899999,89.34658391918684
Vintage Red Enamel Trim Plate,10014.48,54621380.969999894,89.36296804643426
Christmas Musical Zinc Tree,9977.89,54631358.859999895,89.37929231084146
Set 12 Lavender Botanical T-Lights,9970.02,54641328.8799999,89.39560369958448
Dolly Girl Mini Backpack,9965.28,54651294.1599999,89.4119073334802
Citronella Candle Flowerpot,9950.76,54661244.9199999,89.42818721202092
Pink Heart Shape Love Bucket,9934.2,54671179.1199999,89.44443999767742
Hanging Fairy Cake Decoration,9916.4,54681095.5199999,89.46066366175545
Madras Notebook Medium,9911.68,54691007.1999999,89.47687960370706
Danish Rose Deluxe Coaster,9891.630000000001,54700898.8299999,89.49306274298183
Cream Slice Flannel Pink Spot,9890.76,54710789.5899999,89.50924445889852
Ivory Giant Garden Thermometer,9886.140000000001,54720675.7299999,89.52541861629321
Biscuit Tin Vintage Red,9883.220000000001,54730558.9499999,89.54158799644014
Zinc Herb Garden Container,9877.14,54740436.0899999,89.5577474294412
Angel Decoration Painted Zinc,9866.71,54750302.7999999,89.57388979850614
Egg Cup Natural Chicken,9858.42,54760161.2199999,89.59001860476852
Landmark Frame Camden Town,9850.47,54770011.6899999,89.60613440448321
French Blue Metal Door Sign 3,9834.82,54779846.5099999,89.62222460011347
French Blue Metal Door Sign 5,9821.84,54789668.349999905,89.63829355989607
4 Lavender Botanical Dinner Candles,9806.710000000001,54799475.059999906,89.654337766337
Red Star Card Holder,9802.26,54809277.3199999,89.67037469238329
Small Yellow Babushka Notebook,9790.869999999999,54819068.1899999,89.68639298389148
Glass Jar Daisy Fresh Cotton Wool,9789.49,54828857.6799999,89.7024090176593
Lunch Bag Red Vintage Doily,9786.48,54838644.1599999,89.71842012693548
Vintage Union Jack Pennant,9776.04,54848420.1999999,89.73441415591509
Glitter Christmas Tree,9773.039999999999,54858193.2399999,89.7504032767635
Enamel Watering Can Cream,9768.12,54867961.359999895,89.76638434827674
Skulls Writing Set,9765.68,54877727.039999895,89.78236142784328
Feltcraft Hairband Red And Blue,9757.67,54887484.7099999,89.79832540269952
Set Of 4 Napkin Charms Hearts,9752.44,54897237.149999894,89.81428082104702
Grow Your Own Plant In A Can,9744.91,54906982.05999989,89.83022391998522
Zinc Heart T-Light Holder,9736.58,54916718.63999989,89.84615339067909
I Love London Beaker,9645.09,54926363.72999989,89.86193317973182
Make Your Own Monsoon Card Kit,9638.65,54936002.37999989,89.8777024326629
Swiss Roll Towel Chocolate Spots,9629.92,54945632.29999989,89.89345740293219
Red Gingham Teddy Bear,9623.84,54955256.1399999,89.90920242605557
Ceramic Cake Design Spotted Plate,9609.25,54964865.3899999,89.9249235793009
Ceramic Pirate Chest Money Bank,9597.73,54974463.11999989,89.9406258853224
Black Kitchen Scales,9594.32,54984057.43999989,89.95632261243478
Inflatable Political Globe,9592.81,54993650.249999896,89.97201686912112
Danish Rose Decorative Plate,9569.01,55003219.25999989,89.98767218796661
Wrap Keep Calm Birthday,9557.5,55012776.75999989,90.00330867594872
Balloon Pump With 10 Balloons,9550.09,55022326.8499999,90.01893304084676
Parisienne Curio Cabinet,9546.470000000001,55031873.319999896,90.0345514832665
Childs Garden Fork Pink,9528.14,55041401.4599999,90.0501399370046
White Stitched Wall Clock,9515.34,55050916.7999999,90.06570744938293
Measuring Tape Babushka Pink,9506.92,55060423.7199999,90.081261186273
Christmas Lights 10 Santas,9485.77,55069909.489999905,90.09678032083812
Round Cake Tin Vintage Green,9480.73,55079390.2199999,90.1122912097428
Soap Dish Brocante,9447.6,55088837.8199999,90.12774789651863
Hanging Wood And Felt Butterfly,9437.51,55098275.3299999,90.14318807561317
Woodland Height Chart Stickers,9437.3,55107712.6299999,90.15862791113851
Kings Choice Tea Caddy,9435.82,55117148.4499999,90.17406532531913
Foot Stool Home Sweet Home,9428.75,55126577.1999999,90.18949117267057
Wall Art Village Show,9403.32,55135980.5199999,90.20487541542987
Ceramic Cake Bowl + Hanging Cakes,9402.14,55145382.6599999,90.22025772765755
Woodland Stickers,9401.25,55154783.9099999,90.23563858380632
Blue Victorian Fabric Oval Box,9395.04,55164178.9499999,90.2510092801235
Feltcraft Hairband Pink And Purple,9394.72,55173573.6699999,90.26637945290669
Set Of 6 Heart Chopsticks,9392.53,55182966.1999999,90.28174604275411
Kings Choice Giant Tube Matches,9378.34,55192344.5399999,90.29708941714095
Woodland Design Cotton Tote Bag,9377.31,55201721.849999905,90.31243110640274
Cinammon Set Of 9 T-Lights,9377.07,55211098.919999905,90.32777240301404
Heart String Memo Holder Hanging,9372.54,55220471.459999904,90.34310628834722
Childrens Toy Cooking Utensil Set,9363.56,55229835.01999991,90.35842548200766
Beaded Crystal Heart Pink On Stick,9357.06,55239192.07999991,90.37373404138386
Jingle Bell Heart Antique Gold,9355.79,55248547.86999991,90.3890405229845
Tea Time Kitchen Apron,9329.96,55257877.82999991,90.40430474557552
Recycled Acapulco Mat Green,9328.62,55267206.449999906,90.41956677586792
Beaded Crystal Heart Green Large,9323.24,55276529.68999991,90.43482000424504
Porcelain T-Light Holders Assorted,9316.93,55285846.61999991,90.4500629091862
Urban Black Ribbons,9274.33,55295120.949999906,90.46523611866432
S/4 Ivory Mini Rose Candle In Bowl,9263.0,55304383.949999906,90.48039079176695
Ivory Chandelier T-Light Holder,9261.76,55313645.709999904,90.49554343617534
Feltcraft Hairband Pink And Blue,9259.9,55322905.6099999,90.5106930375424
Pocket Bag Blue Paisley Red Spot,9254.0,55332159.6099999,90.52583298625142
Hi Tec Alpine Hand Warmer,9253.88,55341413.489999905,90.54097273863519
Set/3 Vanilla Scented Candle In Box,9242.0,55350655.489999905,90.5560930548194
Mirrored Disco Ball,9213.35,55359868.83999991,90.57116649835066
Storage Tin Vintage Leaf,9181.810000000001,55369050.64999991,90.58618834106257
Bird Decoration Green Polkadot,9170.89,55378221.53999991,90.60119231817693
White Brocante Soap Dish,9170.57,55387392.10999991,90.61619577175726
Magic Tree -Paper Flowers,9159.06,55396551.16999991,90.63118039447423
Set Of 6 Strawberry Chopsticks,9157.67,55405708.839999914,90.64616274309041
Decoration Butterfly Magic Garden,9154.14,55414862.979999915,90.66113931647222
Set Of 4 Rose Botanical Candles,9146.720000000001,55424009.69999991,90.67610375040952
Ivory Love Bird Candle,9146.52,55433156.21999992,90.69106785713807
Toast Its - I Love You,9126.17,55442282.38999992,90.70599867037664
Landmark Frame Covent Garden,9117.37,55451399.759999916,90.72091508643038
Toast Its - Best Mum,9105.48,55460505.23999991,90.7358120499241
Baking Mould Rose Milk Chocolate,9095.77,55469601.009999916,90.7506931274332
Gingham Heart Doorstop Red,9092.35,55478693.35999992,90.76556860967271
Doormat Christmas Village,9087.7,55487781.05999992,90.78043648430888
Easter Decoration Egg Bunny,9077.52,55496858.57999992,90.79528770401983
Vintage Christmas Paper Gift Bag,9070.56,55505929.139999926,90.81012753686639
Set Of 4 Fairy Cake Placemats,9035.74,55514964.87999993,90.82491040267016
Pink Love Heart Shape Cup,9029.88,55523994.75999993,90.83968368125765
Red Pudding Spoon,9005.73,55533000.48999993,90.85441744938898
Hearts Stickers,8997.24,55541997.72999993,90.86913732750901
Zinc Heart Flower T-Light Holder,8994.289999999999,55550992.01999993,90.88385237930002
French Garden Sign Blue Metal,8981.29,55559973.30999993,90.89854616252249
Red Victorian Fabric Oval Box,8970.310000000001,55568943.61999993,90.9132219819848
Mini Zinc Garden Decorations,8964.42,55577908.03999993,90.9278881651495
Balloon Art Make Your Own Flowers,8946.74,55586854.779999934,90.94252542306099
Coffee Mug Blue Paisley Design,8941.94,55595796.71999993,90.95715482796257
Retro Plastic Polka Tray,8930.48,55604727.19999993,90.97176548380294
Save The Planet Cotton Tote Bag,8926.75,55613653.94999993,90.98637003720019
Rose 1 Wick Morris Boxed Candle,8890.18,55622544.12999993,91.00091476047812
Egg Cup Milkmaid Heidi,8877.53,55631421.65999993,91.01543878780285
Basket Of Flowers Sewing Kit,8874.91,55640296.569999926,91.02995852869294
Set Of 2 Ceramic Christmas Trees,8870.76,55649167.32999992,91.04447148000158
Landmark Frame Notting Hill,8857.61,55658024.93999992,91.05896291733511
Landmark Frame Oxford Street,8854.7,55666879.639999926,91.07344959378138
Le Jardin Botanique Cushion Cover,8845.29,55675724.929999925,91.08792087505611
Large Antique White Photo Frame,8811.45,55684536.37999993,91.10233679261091
S/4 Cacti Candles,8804.26,55693340.639999926,91.11674094701127
Card Holder Gingham Heart,8802.970000000001,55702143.609999925,91.13114299091521
Landmark Frame London Bridge,8793.35,55710936.95999993,91.14552929607844
Red Retrospot Traditional Teapot,8780.699999999999,55719717.65999993,91.15989490528844
White Tall Porcelain T-Light Holder,8778.05,55728495.70999993,91.17425617898253
Folding Butterfly Mirror Ivory,8768.24,55737263.94999993,91.1886014030876
Decoration Wobbly Chicken,8766.09,55746030.03999993,91.20294310969868
4 Pear Botanical Dinner Candles,8758.41,55754788.44999993,91.21727225149384
Wicker Wreath Large,8741.74,55763530.18999993,91.23157412043999
Magic Drawing Slate Go To The Fair,8727.61,55772257.79999993,91.24585287208818
French Blue Metal Door Sign 4,8727.61,55780985.40999993,91.26013162373637
Set Of 3 Black Flying Ducks,8722.42,55789707.82999993,91.27440188431758
Romantic Images Gift Wrap Set,8722.07,55798429.89999993,91.28867157228349
Mini Highlighter Pens,8710.8,55807140.69999993,91.3029228220365
Ribbon Reel Socks And Mittens,8698.62,55815839.319999926,91.31715414477686
Strawberry Raffia Food Cover,8691.73,55824531.04999992,91.3313741951759
Bread Bin Diner Style Pink,8675.94,55833206.98999992,91.34556841244438
Union Jack Flag Luggage Tag,8671.13,55841878.11999992,91.3597547603425
3 Raffia Ribbons Vintage Christmas,8668.65,55850546.76999992,91.37393705085218
Icon Placemat Pop Art Elvis,8655.0,55859201.76999992,91.38809700936487
Large Cake Stand Hanging Strawbery,8652.81,55867854.57999992,91.4022533849418
Coffee Mug Pink Paisley Design,8647.6,55876502.179999925,91.41640123673089
Cotton Apron Pantry Design,8646.12,55885148.29999992,91.43054666717524
Opium Scented Votive Candle,8636.16,55893784.45999992,91.444675802624
Blossom Images Gift Wrap Set,8633.88,55902418.33999992,91.45880120789306
Regency Cake Slice,8603.58,55911021.91999992,91.472877041037
Set/4 Red Mini Rose Candle In Bowl,8597.34,55919619.25999992,91.48694266526803
Dairy Maid Toastrack,8567.86,55928187.11999992,91.5009600589298
Christmas Card Stack Of Presents,8562.24,55936749.359999925,91.5149682580258
Smokey Grey Colour Glass,8553.23,55945302.58999992,91.52896171636776
Babushka Lights String Of 10,8545.140000000001,55953847.72999992,91.5429419391159
Black Tea Towel Classic Design,8532.92,55962380.649999924,91.55690216940964
Assorted Tutti Frutti Small Purse,8527.470000000001,55970908.11999992,91.57085348326503
Retro Mod Tray,8519.39,55979427.50999992,91.58479157788705
Bread Bin Diner Style Mint,8518.31,55987945.819999926,91.59872790558182
Small Glass Sundae Dish Clear,8514.02,55996459.83999993,91.612657214649
Yellow Metal Chicken Heart,8497.52,56004957.35999993,91.62655952899458
Vintage Christmas Tablecloth,8495.42,56013452.779999934,91.64045840764831
Small Medina Stamped Metal Bowl,8492.369999999999,56021945.14999993,91.65435229636864
Gold Mug Bone China Tree Of Life,8479.16,56030424.30999993,91.66822457295125
Pink Honeycomb Paper Ball,8444.16,56038868.469999924,91.6820395880032
Recycled Acapulco Mat Red,8437.91,56047306.37999992,91.69584437778182
Set Of 6 Kashmir Folkart Baubles,8436.63,56055743.00999992,91.70964707342446
Pink Metal Chicken Heart,8435.6,56064178.609999925,91.72344808394206
Sandwich Bath Sponge,8418.02,56072596.62999993,91.73722033281082
Vintage Red Enamel Trim Jug,8400.33,56080996.95999993,91.75096364006593
Christmas Tree Hanging Gold,8391.55,56089388.50999992,91.76469258285708
Red Paper Parasol,8373.63,56097762.139999926,91.7783922077445
Office Mug Warmer Polkadot,8365.52,56106127.65999993,91.79207856431728
French Blue Metal Door Sign 6,8364.19,56114491.84999993,91.80576274495185
Rattle Snake Eggs,8362.78,56122854.62999993,91.81944461876478
Small White Retrospot Mug In Box,8360.42,56131215.04999993,91.83312263151451
Wall Art Dolly Girl,8343.380000000001,56139558.42999993,91.84677276607901
Christmas Tree Hanging Silver,8337.539999999999,56147895.96999993,91.8604133461481
Dinosaur Party Bag + Sticker Set,8336.81,56156232.779999934,91.87405273190528
Black Enchanted Forest Placemat,8335.91,56164568.68999993,91.88769064522309
French Paisley Cushion Cover,8333.5,56172902.18999993,91.9013246156755
Cardholder Holly Wreath Metal,8296.34,56181198.529999934,91.91489779074278
Glass Jar Digestive Biscuits,8295.69,56189494.21999993,91.92846990238164
Toy Tidy Dolly Girl Design,8294.08,56197788.29999993,91.94203937999008
Airline Lounge Metal Sign,8292.42,56206080.71999993,91.95560614176593
Drawer Knob Ceramic Red,8263.35,56214344.06999993,91.96912534375043
Danish Rose Round Sewing Box,8258.779999999999,56222602.849999934,91.98263706901508
Vintage Cream 3 Basket Cake Stand,8248.85,56230851.699999936,91.99613254836547
Set Of 10 Lanterns Fairy Light Star,8220.79,56239072.489999935,92.00958212032869
Hanging Photo Clip Rope Ladder,8202.85,56247275.33999994,92.02300234166732
Birdhouse Decoration Magic Garden,8184.1900000000005,56255459.529999934,92.03639203442991
Letter Holder Home Sweet Home,8179.62,56263639.14999993,92.04977425047262
Green Metal Box Army Supplies,8140.51,56271779.65999993,92.06309248084492
Cherry Blossom Decorative Flask,8138.38,56279918.03999993,92.07640722644406
Mini Ladle Love Heart Red,8091.599999999999,56288009.63999993,92.08964543791737
More Butter Metal Sign,8074.99,56296084.629999936,92.10285647470425
Black Stitched Wall Clock,8056.21,56304140.83999994,92.11603678658983
Childs Garden Trowel Blue,8047.51,56312188.349999934,92.12920286489492
Wooden Skittles Garden Set,7935.34,56320123.68999994,92.14218542817446
Vintage Red Mug,7889.749999999999,56328013.43999994,92.15509340422017
Empire Union Jack Tv Dinner Tray,7882.7300000000005,56335896.169999935,92.16798989523885
T-Light Holder Hanging Lace,7859.29,56343755.459999934,92.18084803739244
Playing Cards Vintage Doily,7858.64,56351614.099999934,92.1937051161176
Box Of 6 Assorted Colour Teaspoons,7847.55,56359461.64999993,92.20654405111776
Botanical Gardens Wall Clock,7845.740000000001,56367307.38999993,92.21938002487876
Cut Glass Hexagon T-Light Holder,7834.2,56375141.58999994,92.23219711869508
Zinc Heart Lattice T-Light Holder,7811.99,56382953.57999994,92.2449778759801
Pink Stitched Wall Clock,7808.599999999999,56390762.17999994,92.25775308707685
Red Enchanted Forest Placemat,7806.2699999999995,56398568.44999994,92.27052448619169
Circus Parade Baby Gift Set,7804.780000000001,56406373.229999945,92.28329344760137
French Blue Metal Door Sign 7,7799.349999999999,56414172.579999946,92.29605352529357
Metal Merry Christmas Wreath,7797.71,56421970.28999995,92.30881091987406
Airline Bag Vintage Jet Set Red,7785.41,56429755.69999994,92.32154819111663
Baking Mould Easter Egg White Choc,7785.19,56437540.88999994,92.33428510242958
Rose Caravan Doorstop,7778.54,56445319.42999994,92.3470111340517
Mini Jigsaw Dinosaur,7755.96,56453075.38999994,92.35970022380631
Candy Spot Egg Warmer Hare,7743.870000000001,56460819.25999994,92.37236953379218
Botanical Rose Gift Wrap,7743.0,56468562.25999994,92.38503742042002
Novelty Biscuits Cake Stand 3 Tier,7708.23,56476270.489999935,92.39764842180722
Ivory Sweetheart Wire Letter Rack,7687.69,56483958.17999993,92.41022581885616
Spaceboy Rocket Lolly Makers,7654.72,56491612.89999993,92.42274927554321
Ribbon Reel Flora + Fauna,7649.030000000001,56499261.92999993,92.43526342314141
Hot Stuff Hot Water Bottle,7639.599999999999,56506901.529999934,92.44776214284721
Toybox Wrap,7630.43,56514531.959999934,92.46024586003196
Skulls Square Tissue Box,7622.0199999999995,56522153.97999994,92.47271581808893
French Blue Metal Door Sign 8,7620.37,56529774.349999934,92.48518307667374
Classic French Style Basket Natural,7619.91,56537394.25999993,92.49764958267842
Yuletide Images Gift Wrap Set,7619.17,56545013.42999993,92.51011487801074
50'S Christmas Paper Gift Bag,7612.15,56552625.57999993,92.52256868831606
Glass Star Frosted T-Light Holder,7594.25,56560219.82999993,92.53499321343854
5 Hook Hanger Magic Toadstool,7580.34,56567800.169999935,92.5473949811927
Biscuit Tin Vintage Green,7572.67,56575372.83999994,92.5597842004914
Glass Chalice Blue Small,7569.71,56582942.54999994,92.57216857710068
Childrens Garden Gloves Blue,7546.9,56590489.449999936,92.58451563555239
Wall Art Buffalo Bill,7544.22,56598033.669999935,92.59685830940688
Charlie & Lola Wastepaper Bin Blue,7537.9800000000005,56605571.64999993,92.60919077434849
Set 6 Football Celebration Candles,7532.6,56613104.24999993,92.62151443737481
200 Bendy Skull Straws,7519.650000000001,56620623.89999993,92.63381691363479
Cherub Heart Decoration Gold,7517.009999999999,56628140.90999993,92.64611507073931
Curious Images Gift Wrap Set,7493.639999999999,56635634.54999993,92.65837499350178
French Enamel Pot W Lid,7490.160000000001,56643124.70999993,92.67062922283203
Set Of 6 Cake Chopsticks,7489.88,56650614.58999993,92.68288299407008
Ivory Hanging Decoration Egg,7479.55,56658094.139999926,92.69511986497632
Bunny Decoration Magic Garden,7465.0599999999995,56665559.19999993,92.70733302960889
Jigsaw Toadstools 3 Piece,7463.24,56673022.43999993,92.71954321664188
Chocolate 3 Wick Morris Box Candle,7458.07,56680480.50999993,92.73174494532874
Felt Toadstool Large,7457.31,56687937.81999993,92.74394543062238
Ceramic Love Heart Money Bank,7456.650000000001,56695394.46999993,92.75614483612715
Wicker Wreath Small,7456.01,56702850.47999993,92.76834319456393
Skulls Tape,7449.639999999999,56710300.11999993,92.78053113140213
Blue Giant Garden Thermometer,7445.370000000001,56717745.48999993,92.79271208233357
La Palmiera Tile Coaster,7435.849999999999,56725181.33999993,92.80487745812869
Smallfolkart Bauble Christmas Dec,7420.75,56732602.08999993,92.81701812966342
Set Of 6 Halloween Ghost T-Lights,7415.15,56740017.23999993,92.82914963935325
French Floral Cushion Cover,7409.75,56747426.98999993,92.84127231440692
Pack Of 6 Handbag Gift Boxes,7402.11,56754829.09999993,92.85338249008646
Local Cafe Mug,7390.43,56762219.52999993,92.8654735567752
Charlie + Lola Biscuits Tins,7388.5,56769608.02999993,92.87756146589955
Woodland Bunnies Lolly Makers,7383.0,56776991.02999993,92.88964037678335
Set Of 6 Funky Beakers,7376.16,56784367.18999992,92.90170809712801
Pink/White Christmas Tree 60cm,7337.3099999999995,56791704.499999925,92.91371225717363
"Charlie+Lola""Extremely Busy"" Sign",7334.47,56799038.969999924,92.92571177085505
Landmark Frame Baker Street,7320.61,56806359.57999992,92.93768860897032
White Tea Coffee Sugar Jars,7320.59,56813680.16999993,92.94966541436472
Birdcage Decoration Tealight Holder,7301.72,56820981.889999926,92.96161134761387
Paper Lantern 9 Point Snow Star,7295.76,56828277.649999924,92.97354753004237
Folkart Clip On Stars,7294.12,56835571.76999992,92.98548102935915
Assorted Circular Mobile,7278.81,56842850.57999992,92.99738948084637
Gumball Monochrome Coat Rack,7274.03,56850124.609999925,93.00929011204454
Red Tea Towel Classic Design,7244.01,56857368.61999992,93.02114162920984
Wall Art 70'S Alphabet,7240.26,56864608.87999992,93.03298701121112
Bohemian Collage Stationery Set,7216.13,56871825.00999992,93.04479291547713
Vintage Caravan Gift Wrap,7209.0,56879034.00999992,93.05658715475133
Icon Mug Revolutionary,7206.25,56886240.25999992,93.06837689490524
Blue Calculator Ruler,7194.34,56893434.59999993,93.0801471497783
Hanging Wood And Felt Heart,7188.97,56900623.569999926,93.0919086190965
Cabin Bag Vintage Retrospot,7187.67,56907811.23999993,93.10366796155786
Easter Tin Chicks Pink Daisy,7187.16,56914998.399999924,93.11542646963692
Green Giant Garden Thermometer,7163.96,56922162.359999925,93.12714702150134
Ivory Knitted Mug Cosy,7161.5,56929323.859999925,93.1388635486982
Egg Cup Milkmaid Ingrid,7155.79,56936479.649999924,93.15057073408532
Enamel Pink Coffee Container,7154.869999999999,56943634.51999992,93.16227641431223
Assorted Tutti Frutti Fob Notebook,7126.58,56950761.09999992,93.1739358108619
Blue Paisley Tissue Box,7109.51,56957870.60999992,93.18556728014504
Ceramic Bowl With Love Heart Design,7094.4,56964965.009999916,93.19717402880738
Blue/Cream Stripe Cushion Cover,7088.89,56972053.89999992,93.20877176286875
Medium Chinese Style Scissor,7082.1,56979135.99999992,93.22035838819316
Office Mug Warmer Pink,7077.9800000000005,56986213.979999915,93.23193827301739
Retrospot Lamp,7074.13,56993288.10999992,93.24351185907327
Wrap Bad Hair Day,7064.5,57000352.60999992,93.25506969002797
Cream Wall Planter Heart Shaped,7037.59,57007390.19999992,93.26658349504582
Vintage Union Jack Apron,7035.6900000000005,57014425.88999992,93.27809419158056
Glitter Christmas Tree With Bells,7035.51,57021461.39999992,93.28960459362744
Afghan Slipper Sock Pair,7030.209999999999,57028491.60999992,93.30110632464253
Office Mug Warmer Choc+Blue,7018.45,57035510.05999992,93.31258881578333
Vintage Bead Pink Evening Bag,7016.75,57042526.80999992,93.32406852564976
Shelf With 4 Hooks Home Sweet Home,7012.0,57049538.80999992,93.33554046430848
Paper Chain Kit Skulls,7010.12,57056548.92999992,93.34700932720494
Black Mini Tape Measure,6997.29,57063546.21999992,93.35845719966034
Pizza Plate In Box,6988.63,57070534.84999992,93.36989090397701
Blue Coat Rack Paris Fashion,6988.54,57077523.38999992,93.3813244610497
Embroidered Ribbon Reel Emily,6985.56,57084508.94999992,93.39275314271211
Recycled Acapulco Mat Pink,6981.95,57091490.899999924,93.40417591825663
Garland With Stars And Bells,6981.52,57098472.41999993,93.41559799030235
Embroidered Ribbon Reel Daisy,6980.29,57105452.70999993,93.42701805001425
Assorted Monkey Suction Cup Hook,6946.2699999999995,57112398.97999993,93.43838245151838
Wrap Daisy Carpet,6936.55,57119335.52999993,93.44973095067739
Felt Toadstool Small,6936.2699999999995,57126271.79999993,93.46107899174417
Zinc Finish 15cm Planter Pots,6927.46,57133199.25999993,93.47241261926565
Mint Diner Wall Clock,6926.43,57140125.68999993,93.48374456166209
French Blue Metal Door Sign 0,6916.65,57147042.33999993,93.49506050355082
Recycled Acapulco Mat Blue,6916.51,57153958.84999993,93.5063762163934
Sweetheart Bird House,6913.2300000000005,57160872.07999992,93.51768656301256
Set Of 16 Vintage Pistachio Cutlery,6907.94,57167780.01999992,93.52898825496037
Small Pink Magic Christmas Tree,6900.900000000001,57174680.91999992,93.5402784291603
Potting Shed Seed Envelopes,6898.450000000001,57181579.36999992,93.55156459505307
Childs Garden Trowel Pink,6890.47,57188469.83999992,93.56283770531685
Snowflake Portable Table Light,6889.4400000000005,57195359.27999992,93.57410913045558
Pencil Case Life Is Beautiful,6869.26,57202228.53999992,93.58534754023177
Love Seat Antique White Metal,6868.280000000001,57209096.81999992,93.5965843466851
Blue Flock Glass Candleholder,6867.760000000001,57215964.579999916,93.60782030239571
Blue Owl Soft Toy,6834.650000000001,57222799.229999915,93.61900208869828
Embroidered Ribbon Reel Susie,6828.21,57229627.439999916,93.63017333887923
Cake Stand 3 Tier Magic Garden,6822.41,57236449.84999991,93.64133510000651
Enamel Colander Cream,6820.42,57243270.269999914,93.65249360540678
Cast Iron Hook Garden Fork,6819.16,57250089.42999991,93.66365004939192
Gingham Recipe Book Box,6784.22,57256873.64999991,93.67474933000902
Beaded Crystal Heart Green On Stick,6782.73,57263656.379999906,93.68584617292096
Adult Apron Apple Delight,6777.45,57270433.82999991,93.696934377522
Charlie And Lola Table Tins,6776.68,57277210.50999991,93.70802132236935
Drawer Knob Vintage Glass Star,6775.71,57283986.21999991,93.71910668025428
Candy Spot Egg Warmer Rabbit,6767.72,57290753.93999991,93.7301789661498
Painted Yellow Wooden Daisy,6766.12,57297520.059999906,93.74124863437532
Blue Rose Fabric Mirror,6763.6,57304283.65999991,93.75231417977065
Woodland Small Red Felt Heart,6745.82,57311029.47999991,93.7633506363084
Butterflies Stickers,6738.79,57317768.26999991,93.77437559145869
Antique Silver Bauble Lamp,6730.53,57324498.79999991,93.78538703288775
Boom Box Speaker Girls,6726.18,57331224.97999991,93.79639135752657
Party Invites Dinosaurs,6697.74,57337922.71999991,93.80734915308162
Mirror Mosaic Goblet Candle Holder,6692.01,57344614.72999991,93.81829757410607
Large White Honeycomb Paper Bell,6687.88,57351302.60999991,93.82923923826992
Set Of 6 Girls Celebration Candles,6685.68,57357988.28999991,93.84017730313754
Orange Scented Set/9 T-Lights,6673.49,57364661.77999991,93.85109542463204
Kings Choice Biscuit Tin,6671.86,57371333.63999991,93.86201087937526
Silk Purse Babushka Pink,6661.96,57377995.59999991,93.87291013728552
Parlour Ceramic Wall Hook,6656.08,57384651.67999991,93.88379977525862
Toast Its - Fairy Flower,6644.9400000000005,57391296.61999991,93.89467118770453
Glass Cloche Large,6632.8,57397929.419999905,93.90552273857952
Potting Shed Rose Candle,6632.77,57404562.18999991,93.9163742403732
Decoration Pink Chick Magic Garden,6621.37,57411183.559999906,93.92720709126833
Easter Bunny Garland Of Flowers,6604.5599999999995,57417788.11999991,93.9380124402683
Ceramic Bowl With Strawberry Design,6602.62,57424390.739999905,93.94881461534341
Blue Glass Gems In Bag,6591.28,57430982.01999991,93.9595982376826
Home Sweet Home Key Holder,6585.8,57437567.8199999,93.97037289450212
18pc Wooden Cutlery Set Disposable,6582.03,57444149.849999905,93.98114138343676
Assorted Easter Decorations Bells,6580.700000000001,57450730.54999991,93.99190769643324
Lavender Toilette Bottle,6578.27,57457308.81999991,94.00267003384347
T-Light Holder Hanging Love Bird,6564.63,57463873.44999991,94.01341005561716
I Love London Baby Gift Set,6558.4400000000005,57470431.88999991,94.02413995028014
Make Your Own Playtime Card Kit,6551.150000000001,57476983.03999991,94.0348579181843
Feltcraft Boy Jean-Paul Kit,6540.31,57483523.34999991,94.0455581513744
Fairy Cake Design Umbrella,6530.26,57490053.60999991,94.05624194232496
Calendar In Season Design,6490.97,57496544.57999991,94.06686145311723
Gift Bag Psychedelic Apples,6484.67,57503029.24999991,94.07747065683401
Jigsaw Rabbit And Birdhouse,6483.469999999999,57509512.71999991,94.08807789729828
Snowstorm Photo Frame Fridge Magnet,6475.639999999999,57515988.35999991,94.09867232754014
Salle De Bain Hook,6471.72,57522460.07999991,94.10926034449054
S/15 Silver Glass Baubles In Bag,6463.4400000000005,57528923.51999991,94.11983481499884
Lavender Scent Cake Candle,6463.2,57535386.71999991,94.13040889285665
Fanny's Rest Stopmetal Sign,6454.21,57541840.92999991,94.14096826268131
4 Lily Botanical Dinner Candles,6449.43,57548290.35999991,94.1515198122169
Felt Egg Cosy White Rabbit,6431.45,57554721.80999991,94.16204194568618
Metal Sign His Dinner Is Served,6416.95,57561138.759999916,94.17254035652132
Pompom Curtain,6414.4800000000005,57567553.23999991,94.18303472632843
Tv Dinner Tray Vintage Paisley,6399.79,57573953.02999991,94.1935050626531
Assorted Tutti Frutti Mirror,6399.110000000001,57580352.13999991,94.20397428646804
Tray Breakfast In Bed,6397.610000000001,57586749.74999991,94.21444105621737
16 Piece Cutlery Set Pantry Design,6396.86,57593146.60999991,94.2249065989339
Hanging Heart Bonheur,6389.05,57599535.65999991,94.23535936414886
Egg Cup Henrietta Hen Cream,6383.6,57605919.25999991,94.24580321292548
Tumbler Baroque,6377.87,57612297.129999906,94.25623768717152
Bright Blues Ribbons,6367.02,57618664.14999991,94.26665441034305
Orange Tv Tray Table,6361.53,57625025.67999991,94.2770621516345
Crystal Stud Earrings Assorted Col,6351.4800000000005,57631377.15999991,94.28745345068639
Set Of 6 Vintage Notelets Kit,6346.28,57637723.43999991,94.29783624231088
Columbian Candle Round,6344.84,57644068.27999991,94.30821667803242
Small Licorice Des Pink Bowl,6341.72,57650409.99999991,94.31859200929749
Beaded Crystal Heart Pink Large,6338.67,57656748.66999991,94.32896235062918
Doormat Welcome Sunrise,6338.66,57663087.32999991,94.3393326756004
Large Deco Jewellery Stand,6334.01,57669421.33999991,94.3496953929683
Painted Pink Rabbit,6315.79,57675737.129999906,94.36002830161937
English Rose Scented Hanging Flower,6310.24,57682047.36999991,94.3703521302277
Glass Jar Marmalade,6307.339999999999,57688354.70999991,94.38067121430923
Set/6 Bead Coasters Gauze Bag Gold,6282.64,57694637.34999991,94.39094988811054
Cake Plate Lovebird Pink,6276.97,57700914.31999991,94.40121928554387
Five Heart Hanging Decoration,6273.5,57707187.81999991,94.41148300590545
French Blue Metal Door Sign 9,6241.45,57713429.269999914,94.42169429106536
Apron Modern Vintage Cotton,6236.37,57719665.63999991,94.43189726512313
Bunny Wooden Painted With Flower,6235.7,57725901.339999914,94.44209914303158
Doormat I Love London,6225.3,57732126.63999991,94.45228400608521
Red Retrospot Purse,6220.81,57738347.44999991,94.46246152330248
Wall Art Spaceboy,6205.95,57744553.39999992,94.47261472890986
Pack 20 English Rose Paper Napkins,6199.41,57750752.80999991,94.48275723479124
Parisienne Sewing Box,6196.38,57756949.189999916,94.49289478346009
Rose Scent Candle Jewelled Drawer,6191.43,57763140.619999915,94.50302423371247
Red Hearts Light Chain,6185.47,57769326.089999914,94.51314393314419
Pink Paper Parasol,6184.780000000001,57775510.869999915,94.52326250370574
Frying Pan Red Retrospot,6182.19,57781693.05999991,94.53337683691402
Tea For One Polkadot,6172.1,57787865.159999914,94.54347466244103
4 Ivory Dinner Candles Silver Flock,6160.24,57794025.39999992,94.55355308448937
Set/12 Taper Candles,6156.39,57800181.78999992,94.56362520776932
Cat Bowl Vintage Cream,6141.28,57806323.06999992,94.57367261042846
Fairy Cake Birthday Candle Set,6139.6,57812462.66999992,94.58371726453416
Mixed Nuts Light Green Bowl,6125.5199999999995,57818588.18999992,94.59373888314406
Felt Egg Cosy Blue Rabbit,6101.45,57824689.639999926,94.60372112218131
Tablecloth Red Apples Design,6089.75,57830779.389999926,94.61368421950687
Wake Up Cockerel Tile Coaster,6087.67,57836867.05999993,94.62364391386147
Set Of 16 Vintage Rose Cutlery,6087.41,57842954.469999924,94.6336031828447
Sweetheart Wire Magazine Rack,6086.389999999999,57849040.859999925,94.64356078306331
Heart Mirror Antique White,6083.2,57855124.05999993,94.65351316430242
Overnight Bag Vintage Rose Paisley,6079.1,57861203.15999993,94.66345883776224
Ivory Enchanted Forest Placemat,6078.26,57867281.41999993,94.6734031369453
Cinderella Chandelier,6075.69,57873357.109999925,94.68334323149597
Paper Chain Kit London,6074.06,57879431.16999993,94.69328065929535
Wall Art Horse & Pony,6064.469999999999,57885495.639999926,94.70320239743533
Pink/Blue Disc/Mirror String,6051.88,57891547.51999993,94.71310353778472
Pink Dog Bowl,6043.22,57897590.73999993,94.72299050999536
Tomato Charlie+Lola Coaster Set,6037.94,57903628.679999925,94.73286884389509
3 Gardenia Morris Boxed Candles,6026.34,57909655.01999993,94.74272819968753
Box Of 9 Pebble Candles,5994.67,57915649.68999993,94.75253574197492
Origami Jasmine Incense/Candle Set,5986.12,57921635.80999993,94.76232929608838
Embroidered Ribbon Reel Rosie,5982.34,57927618.14999993,94.77211666595655
Vintage Union Jack Cushion Cover,5981.4,57933599.54999993,94.7819024979436
Set Of 3 Coloured Flying Ducks,5975.280000000001,57939574.82999993,94.791678317343
Ceramic Plate Strawberry Design,5963.110000000001,57945537.93999993,94.80143422609017
Decorative Flore Bathroom Bottle,5943.54,57951481.47999993,94.81115811746146
Mini Ladle Love Heart Pink,5932.68,57957414.15999993,94.82086424139781
Hot Baths Soap Holder,5930.9800000000005,57963345.139999926,94.8305675840598
Large Yellow Babushka Notebook,5922.16,57969267.29999992,94.8402564968161
Party Invites Spaceman,5919.1,57975186.399999924,94.84994040327855
Rustic Seventeen Drawer Sideboard,5909.13,57981095.52999993,94.85960799838499
Easter Decoration Natural Chick,5890.12,57986985.649999924,94.86924449230004
Laurel Heart Antique Gold,5883.9400000000005,57992869.58999992,94.87887087546483
Black Christmas Tree 60cm,5869.57,57998739.15999992,94.88847374868116
Doily Thank You Card,5855.1,58004594.25999992,94.89805294834468
Daisies Honeycomb Garland,5849.44,58010443.69999992,94.90762288800067
Poste France Cushion Cover,5846.13,58016289.82999992,94.91718741235191
Ping Microwave Apron,5824.88,58022114.70999993,94.9267171707738
Blossom Images Notebook Set,5790.0,58027904.70999993,94.93618986399026
Travel Card Wallet Vintage Rose,5787.12,58033691.82999992,94.94565784540079
Diamante Heart Shaped Wall Mirror,5775.57,58039467.399999924,94.95510693050619
T-Light Holder White Lace,5772.25,58045239.649999924,94.96455058394639
Origami Rose Incense In Tube,5757.97,58050997.61999992,94.97397087468208
Tea Time Teapot In Gift Box,5751.26,58056748.87999992,94.98338018756432
Seaside Flying Disc,5747.49,58062496.36999992,94.99278333256169
Birthday Party Cordon Barrier Tape,5747.46,58068243.82999992,95.00218642847774
Party Invites Jazz Hearts,5732.08,58073975.90999992,95.01156436204117
Childrens Garden Gloves Pink,5708.01,58079683.91999992,95.02090291603194
Home Sweet Home Bottle,5699.01,58085382.92999992,95.0302267456291
Assorted Coloured Circle Mobile,5690.189999999999,58091073.119999915,95.03953614532054
Bunny Egg Garland,5687.599999999999,58096760.71999992,95.0488413076587
Garland With Hearts And Bells,5682.32,58102443.03999992,95.05813783168597
Heart Mini Portrait Frame,5681.76,58108124.799999915,95.06743343952873
Charlie+Lola Red Hot Water Bottle,5674.5,58113799.299999915,95.07671716969399
Embroidered Ribbon Reel Sally,5672.5,58119471.799999915,95.08599762777179
Set 3 Wicker Storage Baskets,5665.17,58125136.96999992,95.09526609364902
6 Egg House Painted Wood,5665.16,58130802.12999991,95.10453454316581
Dairy Maid Large Milk Jug,5658.07,58136460.19999991,95.11379139313253
Recycled Acapulco Mat Lavender,5645.02,58142105.21999992,95.12302689272853
Vintage Bead Pink Scarf,5632.43,58147737.64999992,95.13224179453394
Paper Lantern 9 Point Deluxe Star,5623.45,58153361.09999992,95.14144200466662
Rectangular Shaped Mirror,5617.29,58158978.38999992,95.15063213676987
Frying Pan Pink Polkadot,5601.76,58164580.14999992,95.15979686111397
Set/3 Rose Candle In Jewelled Box,5592.3,58170172.44999991,95.16894610848435
Black Pirate Treasure Chest,5588.95,58175761.39999992,95.17808987510821
Vintage Seaside Jigsaw Puzzles,5581.84,58181343.23999992,95.18722200946115
Metal Tube Chime On Bamboo,5562.83,58186906.06999992,95.1963230426227
Small Skull Windmill,5556.04,58192462.10999992,95.2054129670473
Cubic Mug Pink Polkadot,5549.43,58198011.53999992,95.21449207722281
Wall Art Animals And Nature,5543.71,58203555.24999992,95.22356182922819
Pink Diner Wall Clock,5532.16,58209087.409999914,95.23261268492844
Red Retrospot Apron,5525.48,58214612.88999991,95.24165261185655
Carrot Charlie+Lola Coaster Set,5524.88,58220137.769999914,95.25069155715842
Hot Water Bottle Sex Bomb,5516.54,58225654.30999991,95.25971685785555
Glass Jar Peacock Bath Salts,5513.06,58231167.369999915,95.26873646512048
Set/3 Ocean Scent Candle Jewel Box,5507.94,58236675.30999991,95.27774769584151
Wooden Regatta Bunting,5505.75,58242181.05999991,95.28675534362677
Rustic Mirror With Lace Heart,5501.88,58247682.939999916,95.29575665992276
Hanging Metal Rabbit Decoration,5486.88,58253169.81999992,95.30473343556277
Blue Tea Towel Classic Design,5479.820000000001,58258649.63999992,95.313698660734
Set/6 Frog Prince T-Light Candles,5466.16,58264115.799999915,95.32264153754785
Potting Shed Candle Citronella,5450.82,58269566.619999915,95.33155931745083
Pink Honeycomb Paper Fan,5449.84,58275016.45999992,95.34047549403095
Love Garland Painted Zinc,5449.59,58280466.04999992,95.34939126160013
Rustic Strawberry Jam Pot Small,5445.2,58285911.249999925,95.35829984693731
Dog Bowl Vintage Cream,5441.24,58291352.48999993,95.36720195354133
Pink Diamante Pen In Gift Box,5438.13,58296790.61999993,95.37609897204933
Tv Dinner Tray Air Hostess,5431.97,58302222.58999993,95.38498591252794
Noel Wooden Block Letters,5426.18,58307648.76999993,95.39386338031332
Eucalyptus & Pinecone Wreath,5422.62,58313071.389999926,95.402735023783
Measuring Tape Babushka Blue,5422.4800000000005,58318493.86999992,95.41160643820656
Pink New Baroquecandlestick Candle,5396.18,58323890.04999992,95.42043482467994
Cake Stand White Two Tier Lace,5385.13,58329275.179999925,95.42924513287007
French Enamel Water Basin,5380.97,58334656.149999924,95.43804863511825
Booze & Women Greeting Card,5376.67,58340032.819999926,95.44684510237839
Dolly Honeycomb Garland,5369.099999999999,58345401.91999993,95.45562918478747
Black Tea Coffee Sugar Jars,5361.49,58350763.40999993,95.46440081690375
Pack 6 Heart/Ice-Cream Patches,5352.64,58356116.04999993,95.47315797003299
Pantry Apple Corer,5348.11,58361464.15999993,95.48190771188409
Beaded Crystal Heart Blue Large,5339.92,58366804.07999993,95.49064405453703
Set/6 Pink Bird T-Light Candles,5339.03,58372143.10999993,95.49937894111105
Magic Garden Felt Garland,5332.18,58377475.28999993,95.50810262078548
Heart Shape Wireless Doorbell,5323.099999999999,58382798.38999993,95.51681144518282
I Love London Mini Backpack,5304.27,58388102.65999994,95.52548946287666
Party Invites Football,5301.3099999999995,58393403.96999994,95.53416263788107
Flower Vine Raffia Food Cover,5290.38,58398694.34999994,95.54281793092746
Rose Folkart Heart Decorations,5285.27,58403979.619999945,95.55146486379036
Cardholder Gingham Christmas Tree,5284.71,58409264.329999946,95.56011088046877
Set Of 4 Pistachio Lovebird Coaster,5277.17,58414541.49999995,95.56874456137746
6pc Wood Plate Set Disposable,5272.33,58419813.829999946,95.57737032383443
Felt Farm Animal Hen,5271.04,58425084.869999945,95.58599397579502
Cake Stand Victorian Filigree Med,5263.65,58430348.51999994,95.5946055373924
Small Polkadot Chocolate Gift Bag,5262.46,58435610.979999945,95.60321515209775
Red Retrospot Luggage Tag,5255.97,58440866.94999994,95.61181414887926
Red Coat Rack Paris Fashion,5253.93,58446120.87999994,95.62040980813157
Teatime Gel Pens Asst,5248.8,58451369.67999994,95.62899707447951
Stool Home Sweet Home,5248.8,58456618.47999994,95.63758434082744
Pocket Bag Pink Paisely Brown Spot,5219.76,58461838.239999935,95.64612409646537
Crazy Daisy Heart Decoration,5218.38,58467056.61999994,95.65466159436295
Botanical Lavender Birthday Card,5214.21,58472270.82999994,95.66319226995817
Mini Jigsaw Leap Frog,5208.68,58477479.50999994,95.67171389823154
White Wire Egg Holder,5205.6900000000005,58482685.199999936,95.68023063473413
Classic French Style Basket Green,5198.950000000001,58487884.14999994,95.68873634430197
Milk Pan Red Retrospot,5171.37,58493055.519999936,95.69719693178364
Childs Garden Brush Pink,5162.56,58498218.07999994,95.70564310572003
Mirrored Wall Art Snowflakes,5156.92,58503374.99999994,95.71408005236975
Mouse Toy With Pink T-Shirt,5154.0199999999995,58508529.01999994,95.72251225449264
Blue New Baroque Candlestick Candle,5151.37,58513680.38999994,95.73094012109965
Easter Tin Bucket,5151.36,58518831.74999994,95.73936797134621
Set/4 Bird Mirror Magnets,5130.84,58523962.589999944,95.74776224997537
Gift Bag Birthday,5123.78,58529086.369999945,95.75614497813577
French Lattice Cushion Cover,5114.01,58534200.37999994,95.76451172214888
Blue Polkadot Washing Up Gloves,5108.99,58539309.369999945,95.77287025322246
Ass Des Phone Sponge Craft Sticker,5100.29,58544409.659999944,95.78121455071556
Blue Savannah Picnic Hamper For 2,5077.7699999999995,58549487.42999995,95.78952200450378
Tea Time Des Tea Cosy,5070.95,58554558.37999995,95.79781830047375
Set/4 Badges Balloon Girl,5067.7,58559626.07999995,95.80610927930158
Folding Umbrella Red/White Polkadot,5064.74,58564690.819999956,95.81439541543996
12 Red Rose Peg Place Settings,5063.78,58569754.59999996,95.82267998097635
Cosmetic Bag Vintage Rose Paisley,5048.55,58574803.149999954,95.83093962956669
Set/4 Daisy Mirror Magnets,5039.2699999999995,58579842.41999996,95.83918409567119
Teatime Push Down Rubber,5026.01,58584868.429999955,95.84740686783574
Airline Bag Vintage Jet Set Brown,5007.82,58589876.249999955,95.85559988036482
Cast Iron Hook Garden Trowel,5000.48,58594876.72999995,95.86378088433288
Woodland Storage Box Large,4982.2,58599858.929999955,95.8719319814215
Eau De Nil Love Bird Candle,4974.55,58604833.47999995,95.88007056277556
Botanical Lavender Gift Wrap,4960.75,58609794.22999995,95.8881865667261
4 Wildflower Botanical Candles,4950.97,58614745.19999995,95.89628657016893
Enamel Pink Tea Container,4946.429999999999,58619691.62999995,95.9043791459732
Small Bonne Jam Jar T-Light Holder,4930.32,58624621.94999995,95.91244536511293
Asstd Col Butterfly/Crystal W/Chime,4923.5,58629545.44999995,95.9205004264344
Paperweight Vintage Collage,4874.889999999999,58634420.33999995,95.92847595966998
Rustic Strawberry Jam Pot Large,4871.77,58639292.109999955,95.93644638844913
Pin Cushion Babushka Pink,4871.49,58644163.59999996,95.94441635913601
Cake Stand Victorian Filigree Small,4871.47,58649035.069999956,95.95238629710204
Wrap Carousel,4871.0,58653906.069999956,95.9603554661275
Small Stripes Chocolate Gift Bag,4870.28,58658776.34999996,95.96832345720148
Ant White Wire Heart Spiral,4867.66,58663644.00999995,95.97628716184087
Small Deco Jewellery Stand,4846.9800000000005,58668490.98999995,95.98421703309586
Egg Frying Pan Red,4846.28,58673337.26999995,95.99214575912023
Red Retrospot Storage Jar,4820.08,58678157.34999995,96.0000316207988
Set Of 2 Trays Home Sweet Home,4815.54,58682972.88999995,96.0079100548388
Two Door Curio Cabinet,4814.82,58687787.70999995,96.01578731092732
Folk Art Metal Star T-Light Holder,4803.75,58692591.45999995,96.0236464560117
Origami Sandlewood Incense/Cand Set,4795.75,58697387.20999995,96.03149251274623
Doormat Neighbourhood Witch,4782.7699999999995,58702169.97999995,96.0393173336331
Set Of 4 Black Lovebird Coasters,4774.76,58706944.73999995,96.04712904980966
Red Refectory Clock,4771.83,58711716.56999995,96.05493597237808
Cardholder Gingham Star,4766.05,58716482.619999945,96.0627334386137
Small Hammered Silver Candlepot,4754.83,58721237.44999994,96.07051254843866
Oval Wall Mirror Diamante,4733.7300000000005,58725971.17999994,96.07825713774083
Tea Cosy Red Stripe,4732.67,58730703.84999994,96.08599999283666
Marie Antoinette Trinket Box Silver,4728.0199999999995,58735431.869999945,96.09373524032911
3d Sheet Of Dog Stickers,4723.42,58740155.28999995,96.1014629620204
Sweetheart Wire Wall Tidy,4720.55,58744875.839999944,96.10918598826618
Red/Cream Stripe Cushion Cover,4712.3,58749588.13999994,96.11689551715115
Wall Art Vintage Heart,4707.24,58754295.37999994,96.12459676765482
Origami Rose Incense/Candle Set,4699.83,58758995.20999994,96.13228589507445
White Christmas Star Decoration,4693.68,58763688.88999994,96.1399649608251
Romantic Images Notebook Set,4682.66,58768371.54999994,96.1476259973738
Rose Scent Candle In Jewelled Box,4677.69,58773049.239999935,96.15527890278516
Embroidered Ribbon Reel Rachel,4665.3,58777714.53999993,96.16291153761465
Party Cones Carnival Assorted,4658.57,58782373.10999993,96.17053316186983
Silver Plate Candle Bowl Small,4652.05,58787025.15999993,96.17814411911985
Wall Art Treasure Ahoy,4651.389999999999,58791676.54999993,96.18575399658103
Stripey Chocolate Nesting Boxes,4642.01,58796318.55999993,96.19334852795195
Toast Its - Happy Birthday,4640.25,58800958.80999993,96.20094017988593
Candy Spot Cushion Cover,4632.09,58805590.89999993,96.20851848170307
Pearlised Ivory Heart Large,4628.52,58810219.419999935,96.21609094284405
Choc Truffle Gold Trinket Pot,4628.15,58814847.56999993,96.22366279864886
Union Stripe Cushion Cover,4627.33,58819474.89999993,96.2312333128978
Single Wire Hook Pink Heart,4625.719999999999,58824100.61999993,96.23880119311633
Origami Lavender Incense/Candl Set,4613.08,58828713.69999993,96.24634839374205
Christmas Hanging Snowflake,4608.32,58833322.01999993,96.25388780679964
Wall Art Cat And Bird,4597.6,58837919.61999993,96.2614096814684
Assorted Shapes Photo Clip Silver,4596.2300000000005,58842515.84999993,96.2689293147572
Party Food Shopper Bag,4581.37,58847097.219999924,96.27642463643616
Yellow Giant Garden Thermometer,4576.68,58851673.899999924,96.28391228507
Love Heart Sock Hanger,4567.78,58856241.679999925,96.29138537291463
Peace Wooden Block Letters,4566.09,58860807.76999993,96.29885569584535
Red Retrospot Pudding Bowl,4558.19,58865365.95999993,96.30631309403054
Marie Antoinette Trinket Box Gold,4555.34,58869921.29999993,96.31376582949113
Childs Garden Brush Blue,4554.64,58874475.93999993,96.3212174197211
Brown Pirate Treasure Chest,4552.36,58879028.29999993,96.32866527977134
Silver Fabric Mirror,4546.73,58883575.02999993,96.33610392889535
White Goose Feather Christmas Tree,4531.8,58888106.82999992,96.34351815188646
Laurel Star Antique Silver,4524.88,58892631.70999993,96.35092105345491
Small Pop Box Funky Monkey,4524.61,58897156.319999926,96.35832351329155
3d Dog Picture Playing Cards,4518.08,58901674.399999924,96.36571528976262
Rain Poncho,4500.87,58906175.26999992,96.37307890992103
Glitter Heart Garland With Bells,4477.98,58910653.24999992,96.38040508103838
Ma Campagne Cutlery Box,4475.4800000000005,58915128.729999915,96.3877271620464
White Bell Honeycomb Paper Garland,4470.74,58919599.46999992,96.39504148820713
White Hearts Wire Plant Pot Holder,4463.31,58924062.77999992,96.40234365856293
Botanical Lily Greeting Card,4454.58,58928517.35999992,96.4096315462569
Set Of 6 T-Lights Easter Chicks,4452.9800000000005,58932970.339999914,96.41691681628093
Panda And Bunnies Sticker Sheet,4440.38,58937410.71999992,96.4241814721539
Alphabet Hearts Sticker Sheet,4439.99,58941850.70999992,96.43144548996985
Party Invites Balloon Girl,4426.62,58946277.329999916,96.43868763388105
Chocolate 1 Wick Morris Box Candle,4425.62,58950702.94999991,96.44592814174852
Toadstool Bedside Light,4421.38,58955124.329999916,96.45316171279056
Brown Check Cat Doorstop,4421.07,58959545.39999992,96.46039477665906
Union Flag Windsock,4416.89,58963962.28999992,96.46762100186474
Card Holder Love Bird Small,4416.44,58968378.729999915,96.47484649085074
Psychedelic Tile Coaster,4409.86,58972788.589999914,96.48206121466897
Ivory Pillar Candle Silver Flock,4406.0,58977194.589999914,96.4892696233584
Egg Cup Milkmaid Helga,4391.49,58981586.079999916,96.49645429305326
3d Hearts Honeycomb Paper Garland,4387.75,58985973.829999916,96.50363284394454
Egg Frying Pan Ivory,4379.6,58990353.42999992,96.51079806107941
Art Lights Funk Monkey,4369.24,58994722.66999992,96.51794632880122
Blue Felt Easter Egg Basket,4366.5,58999089.16999992,96.52509011376317
Baby Boom Ribbons,4363.3,59003452.46999992,96.53222866338515
Embroidered Ribbon Reel Rebecca,4355.9400000000005,59007808.409999914,96.53935517172529
Tv Dinner Tray Dolly Girl,4351.32,59012159.729999915,96.54647412154337
Swirly Circular Rubbers In Bag,4348.06,59016507.78999992,96.55358773785889
Cupboard 3 Drawer Ma Campagne,4345.65,59020853.439999916,96.56069741130901
Large White/Pink Rose Art Flower,4344.48,59025197.91999991,96.56780517058795
Classic French Style Basket Brown,4343.78,59029541.69999991,96.57491178463629
Charlie+Lola My Room Door Sign,4338.24,59033879.939999916,96.58200933500233
Mirror Mosaic Hurricane Lamp,4334.679999999999,59038214.619999915,96.58910106105269
Brocante Coat Rack,4331.72,59042546.339999914,96.5961879444136
Dragons Blood Incense,4323.19,59046869.52999991,96.60326087232146
Folkart Heart Napkin Rings,4315.77,59051185.299999915,96.61032166078482
Red Retrospot Big Bowl,4300.86,59055486.159999914,96.6173580558361
Enamel Fire Bucket Cream,4293.68,59059779.839999914,96.6243827040934
Chest Of Drawers Gingham Heart,4289.85,59064069.689999916,96.63140108630319
English Rose Notebook A6 Size,4281.11,59068350.799999915,96.63840516949075
Charlie Lola Blue Hot Water Bottle,4271.32,59072622.119999915,96.64539323581016
Pink Polkadot Garden Parasol,4269.599999999999,59076891.71999992,96.65237848813435
Green Rose Washbag,4264.55,59081156.269999914,96.65935547843769
Green Birdhouse Decoration,4263.83,59085420.09999991,96.66633129078953
Blue Paper Parasol,4259.54,59089679.63999991,96.67330008451376
Yellow Coat Rack Paris Fashion,4256.25,59093935.88999991,96.6802634956541
Purple Paper Parasol,4233.28,59098169.16999991,96.6871893268699
Jam Clock Magnet,4225.67,59102394.839999914,96.69410270779288
Skull Design Tv Dinner Tray,4223.26,59106618.09999991,96.70101214585046
Set Of 3 Babushka Stacking Tins,4213.0,59110831.09999991,96.70790479809934
Drawer Knob Vintage Glass Ball,4201.21,59115032.30999991,96.7147781613926
Ridged Glass T-Light Holder,4198.93,59119231.23999991,96.72164779450614
12 Daisy Pegs In Wood Box,4192.68,59123423.91999991,96.72850720234635
Blue Stones On Wire For Candle,4174.86,59127598.77999991,96.73533745588725
Laurel Star Antique Gold,4153.1900000000005,59131751.96999991,96.7421322563604
Spaceboy Tv Dinner Tray,4127.79,59135879.75999991,96.74888550132276
Hanging Engraved Metal Heart,4125.94,59140005.699999906,96.7556357196042
Medium Medina Stamped Metal Bowl,4112.57,59144118.26999991,96.76236406398094
Felt Farm Animal Sheep,4110.37,59148228.639999904,96.76908880906146
Red Flower Crochet Food Cover,4096.09,59152324.72999991,96.77579019143745
Ivory Refectory Clock,4093.31,59156418.03999991,96.7824870256119
Antique Glass Heart Decoration,4089.38,59160507.41999991,96.78917743013444
Mini Jigsaw Go To The Fair,4083.5099999999998,59164590.92999991,96.79585823108029
Wall Art Dog And Ball,4064.19,59168655.11999991,96.80250742366117
Blue Birdhouse Decoration,4042.8,59172697.919999905,96.80912162126663
Pink Fairy Cake Cushion Cover,4036.13,59176734.04999991,96.81572490646037
Embroidered Ribbon Reel Sophie,4035.64,59180769.68999991,96.8223273899927
Polka Dot Raffia Food Cover,4028.6499999999996,59184798.33999991,96.82891843757932
Christmas Card Singing Angel,4023.16,59188821.4999999,96.83550050328584
Pink Horse Sock Puppet Kit,4022.73,59192844.2299999,96.84208186549355
Utilty Cabinet With Hooks,4018.5499999999997,59196862.7799999,96.84865638903845
Pink Union Jack Luggage Tag,4013.27,59200876.0499999,96.85522227427248
Clock Magnet Mum's Kitchen,4006.1800000000003,59204882.2299999,96.86177655995641
S/12 Mini Rabbit Easter,4005.94,59208888.1699999,96.86833045298982
Key Cabinet Ma Campagne,4002.18,59212890.3499999,96.87487819449882
Set/6 Eau De Nil Bird T-Lights,3996.42,59216886.7699999,96.88141651239592
Glass Songbird Storage Jar,3992.15,59220878.9199999,96.88794784438628
Star Portable Table Light,3986.7599999999998,59224865.679999895,96.8944703581009
Home Sweet Home 3 Peg Hanger,3984.98,59228850.65999989,96.90098995965768
Retro Plastic 70'S Tray,3972.68,59232823.33999989,96.90748943787655
Small Regal Silver Candlepot,3964.46,59236787.79999989,96.91397546781592
Home Small Wood Letters,3959.7000000000003,59240747.499999896,96.92045371018712
Savoy Art Deco Clock,3939.8500000000004,59244687.3499999,96.92689947709022
Mirrored Wall Art Stars,3934.8100000000004,59248622.1599999,96.93333699833289
Measuring Tape Babushka Red,3926.1,59252548.2599999,96.93976026963468
Ice Cream Design Garden Parasol,3910.69,59256458.9499999,96.94615832950248
Pink Love Bird Candle,3908.34,59260367.2899999,96.95255254466755
Tree T-Light Holder Willie Winkie,3907.15,59264274.4399999,96.95894481294057
White Honeycomb Paper Garland,3905.0099999999998,59268179.4499999,96.96533358007997
75 Green Petit Four Cases,3896.71,59272076.1599999,96.9717087680564
Airline Bag Vintage World Champion,3884.39,59275960.5499999,96.97806379997407
Set/4 Badges Dogs,3872.2799999999997,59279832.8299999,96.98439901940209
Strawberries Design Flannel,3871.5,59283704.3299999,96.99073296271601
Eau De Nile Heart Shape Photo Frame,3870.0499999999997,59287574.3799999,96.99706453376649
Frappucino Scarf Knitting Kit,3858.57,59291432.9499999,97.00337732303494
Standing Fairy Pole Support,3854.16,59295287.109999895,97.00968289735052
Paperweight Save The Planet,3847.6099999999997,59299134.719999894,97.01597775557964
Pink Heart Shape Photo Frame,3836.46,59302971.179999895,97.02225437192114
Lovely Bonbon Sticker Sheet,3825.16,59306796.33999989,97.02851250096845
Retrospot Candle Small,3824.58,59310620.91999989,97.03476968111038
Decoupage Greeting Card,3821.66,59314442.57999989,97.04102208400461
Set Of 36 Dinosaur Paper Doilies,3819.68,59318262.259999886,97.04727124753227
Money Box Pocket Money Design,3816.28,59322078.53999989,97.05351484851123
Small Silver Flower Candle Pot,3816.2000000000003,59325894.73999989,97.05975831860668
Round Purple Clock With Sucker,3814.48,59329709.21999989,97.06599897470691
Five Cats Hanging Decoration,3806.58,59333515.799999885,97.07222670606166
Set Of 16 Vintage Sky Blue Cutlery,3804.03,59337319.82999989,97.07845026550488
Dairy Maid Traditional Teapot,3801.48,59341121.30999988,97.08466965303658
Wash Bag Vintage Rose Paisley,3788.99,59344910.299999885,97.09086860638206
Vintage Red Teatime Mug,3788.73,59348699.02999988,97.09706713435615
12 Egg House Painted Wood,3787.54,59352486.56999988,97.10326371543822
Grey Floral Feltcraft Shoulder Bag,3783.03,59356269.59999988,97.10945291796303
Soft Pink Rose Towel,3774.4,59360043.99999988,97.11562800143044
Paper Bunting Vintage Party,3743.69,59363787.68999988,97.12175284199476
Porcelain Butterfly Oil Burner,3742.67,59367530.35999988,97.1278760137945
Blue Polkadot Garden Parasol,3735.98,59371266.33999988,97.13398824046166
Tea Time Table Cloth,3730.15,59374996.489999875,97.14009092899387
White Hanging Beads Candle Holder,3717.01,59378713.49999987,97.14617211991141
Mobile Vintage Hearts,3714.36,59382427.85999987,97.15224897531306
Oval Mini Portrait Frame,3713.42,59386141.279999875,97.1583242928336
Gardenia 3 Wick Morris Boxed Candle,3712.83,59389854.10999987,97.16439864508833
Hawaiian Grass Skirt,3711.2200000000003,59393565.32999987,97.17047036331265
Pink Cat Bowl,3710.32,59397275.64999987,97.17654060909761
Pink Rose Fabric Mirror,3707.57,59400983.21999987,97.18260635576232
Black Love Bird Candle,3696.4700000000003,59404679.68999987,97.18865394234155
Cherry Crochet Food Cover,3696.4,59408376.08999987,97.19470141439774
Dolly Mixture Children's Umbrella,3687.51,59412063.59999987,97.20073434202514
Baking Mould Rose White Chocolate,3684.58,59415748.179999866,97.20676247604442
Bull Dog Bottle Top Wall Clock,3678.5400000000004,59419426.719999865,97.21278072835953
Origami Vanilla Incense/Candle Set,3670.18,59423096.899999864,97.21878530334904
Photo Frame Linen And Lace Small,3664.59,59426761.48999987,97.22478073285407
Easter Tin Chicks In Garden,3661.86,59430423.34999987,97.23077169595972
Cake Stand Lovebird 2 Tier White,3655.81,59434079.15999987,97.23675276100077
Midnight Glamour Scarf Knitting Kit,3650.26,59437729.41999987,97.2427247459991
Boom Box Speaker Boys,3648.1,59441377.51999987,97.24869319714297
Sunset Check Hammock,3646.7,59445024.21999987,97.25465935782563
Childs Garden Spade Blue,3638.73,59448662.94999987,97.26061247923971
Blue Polkadot Passport Cover,3626.2200000000003,59452289.16999987,97.26654513374669
Blue Pot Plant Candle,3616.76,59455905.929999866,97.27246231127995
Airline Bag Vintage Jet Set White,3616.0299999999997,59459521.95999987,97.2783782945013
Eight Piece Snake Set,3610.14,59463132.09999987,97.28428464142505
Card Holder Love Bird Large,3606.55,59466738.649999864,97.2901851149518
Botanical Rose Greeting Card,3599.58,59470338.22999986,97.29607418525372
Antique Heart Shelf Unit,3588.06,59473926.289999865,97.30194440833183
Eau De Nile Jewelled Photoframe,3581.4300000000003,59477507.719999865,97.30780378444
Multicolour Rabbit Egg Warmer,3568.7599999999998,59481076.47999986,97.31364243187406
Vintage Jingle Bells Heart,3565.42,59484641.899999864,97.31947561492206
Zinc Hearts Plant Pot Holder,3564.86,59488206.759999864,97.32530788178556
White Travel Alarm Clock,3562.46,59491769.219999865,97.3311362221441
Jasmine Votive Candle,3558.2200000000003,59495327.43999986,97.33695762567721
Zinc Sweetheart Wire Letter Rack,3557.11,59498884.54999986,97.34277721320177
Green Metal Swinging Bunny,3554.48,59502439.02999986,97.3485924979313
Peach Knitted Hen,3552.85,59505991.87999986,97.35440511590957
Heart Garland Rustic Padded,3550.71,59509542.58999986,97.36021423275426
Tool Box Soft Toy,3540.3,59513082.88999986,97.36600631838365
Large Cake Stand Hanging Hearts,3535.42,59516618.30999986,97.37179042011964
Blue Polkadot Kids Bag,3534.31,59520152.61999986,97.3775727058471
Felt Egg Cosy Ladybird,3530.78,59523683.399999864,97.38334921634016
Wall Art Loves' Secret,3528.24,59527211.63999987,97.38912157128216
Sweetheart Wire Fruit Bowl,3521.03,59530732.66999987,97.39488213034882
Home Sweet Home 2 Drawer Cabinet,3517.97,59534250.63999987,97.40063768312166
Le Grand Tray Chic Set,3501.02,59537751.65999987,97.40636550495323
White Candystuft Artificial Flower,3472.64,59541224.29999987,97.41204689586363
Happy Easter Hanging Decoration,3469.73,59544694.02999987,97.41772352588677
Set Of 2 Tins Vintage Bathroom,3464.96,59548158.98999987,97.4233923519813
Money Box Kings Choice Design,3464.6,59551623.58999987,97.42906058910009
Red Heart Luggage Tag,3461.23,59555084.819999866,97.4347233127515
Summer Fun Design Shower Cap,3451.29,59558536.109999865,97.4403697741282
Hall Cabinet With 3 Drawers,3447.8199999999997,59561983.929999866,97.44601055843314
Crystal Stud Earrings Clear Display,3447.36,59565431.289999865,97.45165059015797
Disco Ball Rotator Battery Operated,3441.6499999999996,59568872.93999986,97.45728128007308
Cockle Shell Dish,3430.1000000000004,59572303.039999865,97.46289307368306
Spotty Pink Duck Doorstop,3428.38,59575731.41999987,97.46850205329783
Porcelain Rose Large,3422.2000000000003,59579153.61999987,97.47410092216231
Kittens Design Flannel,3413.0099999999998,59582566.62999987,97.4796847557849
Vintage Union Jack Doorstop,3412.94,59585979.569999866,97.48526847488442
Bank Account Greeting Card,3395.19,59589374.759999864,97.49082315420767
Coffee Scent Pillar Candle,3392.64,59592767.399999864,97.4963736616194
Felt Farm Animal Chicken,3386.38,59596153.77999987,97.50191392739737
Glitter Star Garland With Bells,3385.98,59599539.759999864,97.50745353875783
S/4 Black Mini Rose Candle In Bowl,3383.37,59602923.12999986,97.51298888004415
French Style Storage Jar Jam,3374.37,59606297.49999986,97.51850949693686
Red Retrospot Shopping Bag,3370.04,59609667.53999986,97.52402302976022
Sweeties Stickers,3369.0499999999997,59613036.589999855,97.52953494290028
Sewing Box Retrospot Design,3368.6,59616405.189999856,97.53504611982066
A Pretty Thank You Card,3364.43,59619769.619999856,97.54055047443867
Set Of 16 Vintage Red Cutlery,3355.95,59623125.56999986,97.54604095540583
Pack 3 Iron On Dog Patches,3352.6200000000003,59626478.189999856,97.55152598834735
Pink Union Jack Passport Cover,3338.07,59629816.25999986,97.55698721685255
Blue Refectory Clock,3332.18,59633148.439999856,97.56243880906017
Pink Flower Crochet Food Cover,3301.27,59636449.70999986,97.56783983115598
Brocante Shelf With Hooks,3299.0699999999997,59639748.77999986,97.57323725395557
Large Bonne Jam Jar T-Light Holder,3297.7200000000003,59643046.49999986,97.57863246809613
Mirrored Wall Art Skulls,3291.9500000000003,59646338.44999986,97.58401824226434
Retro Longboard Ironing Board Cover,3291.69,59649630.13999986,97.58940359106118
Pink Hearts Light Chain,3291.14,59652921.27999986,97.59478804003398
White Goose Feather Tree 60cm,3290.84,59656212.11999986,97.60017199819366
Doctor's Bag Soft Toy,3288.55,59659500.66999986,97.60555220981317
Trellis Coat Rack,3281.68,59662782.34999986,97.61092118181224
Multicolour 3d Balls Garland,3274.19,59666056.53999986,97.61627789984375
Large Stripes Chocolate Gift Bag,3273.6899999999996,59669330.229999855,97.6216337998534
Childs Garden Spade Pink,3269.46,59672599.689999856,97.62698277939805
Set Of 4 Napkin Charms Crowns,3268.8999999999996,59675868.589999855,97.63233084275821
Tea Cosy Blue Stripe,3264.99,59679133.57999986,97.63767250918737
Drawer Knob Vintage Glass Hexagon,3251.36,59682384.939999856,97.64299187634045
Multicolour Confetti In Tube,3247.3,59685632.23999985,97.64830460115596
Mother's Kitchen Spoon Rest,3230.14,59688862.37999985,97.65358925146101
Groovy Cactus Inflatable,3227.89,59692090.269999854,97.65887022066767
Ridged Bonne Jam Jar T-Light Holder,3226.9900000000002,59695317.25999986,97.66414971743495
Mirror Mosaic Candle Plate,3225.48,59698542.73999985,97.66942674377621
Grow Your Own Flowers Set Of 3,3222.06,59701764.799999855,97.6746981748479
Fairy Soap Soap Holder,3216.69,59704981.48999985,97.67996082036474
Cream Sweetheart Letter Rack,3215.3500000000004,59708196.839999855,97.68522127358297
Henrietta Hen Mug,3207.53,59711404.369999856,97.69046893293921
Retrospot Candle Medium,3206.12,59714610.48999985,97.69571428547378
Home Sweet Home Hook,3200.52,59717811.00999986,97.70095047616346
Cabin Bag Vintage Paisley,3195.9700000000003,59721006.979999855,97.70617922285415
Pink Enamel+Glass Hair Comb,3187.36,59724194.339999855,97.71139388320827
Grass Hopper Wooden Wall Clock,3171.59,59727365.92999986,97.71658274315274
Set Of 2 Round Tins Camembert,3169.4,59730535.32999986,97.72176802016142
Set Of 2 Tins Jardin De Provence,3165.76,59733701.089999855,97.72694734197093
Madras Notebook Large,3161.72,59736862.80999985,97.73212005416373
Blue Paisley Pocket Book,3140.57,59740003.37999985,97.73725816403159
Woodland Large Pink Felt Heart,3138.8500000000004,59743142.229999855,97.7423934599042
Set Of 16 Vintage Black Cutlery,3129.7,59746271.92999986,97.74751378597668
Rainbow Pegs Photo Clip String,3129.43,59749401.35999986,97.75263367031734
Retro Plastic Daisy Tray,3129.35,59752530.70999986,97.7577534237745
Grow Your Own Herbs Set Of 3,3126.08,59755656.78999986,97.76286782736865
Skulls Design Cotton Tote Bag,3125.34,59758782.12999986,97.76798102029045
Blue Paisley Journal,3124.39,59761906.51999986,97.77309265897071
Woodland Storage Box Small,3119.2000000000003,59765025.719999865,97.77819580658398
Hen House With Chick Standing,3117.56,59768143.27999987,97.78329627108552
Blue Polkadot Luggage Tag,3116.28,59771259.55999987,97.78839464145109
Mirrored Wall Art Poppies,3113.32,59774372.87999987,97.7934881691272
Gardenia 1 Wick Morris Boxed Candle,3102.13,59777475.00999987,97.79856338947394
Embroidered Ribbon Reel Claire,3095.67,59780570.67999987,97.80362804097818
Lets Go Shopping Cotton Tote Bag,3088.85,59783659.529999875,97.80868153466413
Silk Purse Babushka Red,3083.61,59786743.139999874,97.81372645548093
Tropical Passport Cover,3081.15,59789824.28999987,97.81876735163014
Cosy Slipper Shoes Small Green,3076.15,59792900.43999987,97.82380006756067
Wall Art Garden Haven,3072.12,59795972.55999987,97.82882619023496
Hanging Bauble T-Light Holder Small,3065.58,59799038.13999987,97.83384161318325
Chest Natural Wood 20 Drawers,3059.66,59802097.79999986,97.83884735075263
Set/4 Badges Beetles,3057.41,59805155.20999986,97.8438494072236
Birds Mobile Vintage Design,3053.52,59808208.72999986,97.84884509948446
Square Mini Portrait Frame,3043.66,59811252.38999986,97.85382466035409
Psychedelic Tile Hook,3025.78,59814278.16999986,97.8587749687618
Squarecushion Cover Pink Union Jack,3020.3500000000004,59817298.51999986,97.86371639345202
Small Silver Trellis Candlepot,3015.76,59820314.27999986,97.86865030870149
Set Of 4 Napkin Charms Stars,3012.2799999999997,59823326.55999986,97.87357853051878
Candy Spot Hand Bag,3008.18,59826334.73999986,97.87850004455677
Set Of 6 T-Lights Wedding Cake,3004.91,59829339.64999986,97.88341620873175
S/12 Vanilla Botanical T-Lights,3004.38,59832344.02999986,97.88833150580354
Mock Lobster Fridge Magnet,3001.98,59835346.00999986,97.89324287637038
Skulls Design Flannel,2975.5499999999997,59838321.55999985,97.89811100630133
Ass Colour Glowing Tiaras,2968.92,59841290.479999855,97.90296828926235
Paperweight Childhood Memories,2964.69,59844255.16999985,97.90781865175836
Wall Mirror Rectangle Diamante Pink,2963.39,59847218.55999985,97.91266688739753
Heart Beaded Trellis Decoration,2963.01,59850181.56999985,97.91751450134007
Silver Aperitif Glass,2960.64,59853142.20999985,97.92235823785896
Set/4 Badges Cute Creatures,2949.08,59856091.28999985,97.9271830617123
Small Square Cut Glass Candlestick,2947.57,59859038.85999985,97.9320054151396
Set Of 4 Diamond Napkin Rings,2940.15,59861979.00999985,97.93681562912239
Georgian Trinket Box,2934.85,59864913.85999985,97.9416171720734
3d Sheet Of Cat Stickers,2926.66,59867840.51999985,97.94640531582624
White Christmas Garland Stars Trees,2919.91,59870760.42999984,97.95118241628388
Set/3 Decoupage Stacking Tins,2917.84,59873678.26999985,97.95595613013099
Retrospot Babushka Doorstop,2916.85,59876595.11999985,97.9607282242948
Assorted Tutti Frutti Notebook,2913.8900000000003,59879509.00999985,97.96549547576916
Wheelbarrow For Children,2913.3,59882422.309999846,97.97026176197772
Woodland Small Blue Felt Heart,2908.6099999999997,59885330.919999845,97.97502037514117
Danish Rose Trinket Trays,2904.61,59888235.529999845,97.97977244412968
Woven Rose Garden Cushion Cover,2900.55,59891136.07999984,97.98451787078062
Blue Patch Purse Pink Heart,2897.12,59894033.19999984,97.98925768580158
White/Pink Chick Decoration,2892.15,59896925.34999984,97.99398936968517
Wall Art Work Rest And Play,2883.73,59899809.079999834,97.99870727808053
Pantry 3 Hook Rolling Pin Hanger,2877.45,59902686.52999984,98.00341491212124
Jardin Etched Glass Cheese Dish,2876.97,59905563.499999836,98.00812176086096
Garden Path Journal,2851.9,59908415.399999835,98.01278759398429
Embossed Heart Trinket Box,2833.79,59911249.18999983,98.01742379835561
Cream Slice Flannel Chocolate Spot,2829.32,59914078.509999834,98.02205268961143
Joy Wooden Block Letters,2825.73,59916904.23999983,98.02667570747023
Woodland Small Pink Felt Heart,2801.04,59919705.27999983,98.03125833140928
Large Medina Stamped Metal Bowl,2793.79,59922499.06999983,98.03582909403126
Flowers Stickers,2791.65,59925290.71999983,98.04039635551965
Folding Umbrella Cream Polkadot,2790.63,59928081.34999983,98.04496194824343
Storage Tin Home Sweet Home,2790.3500000000004,59930871.69999983,98.04952708287496
Zinc Box Sign Home,2789.36,59933661.05999983,98.0540905978232
Acrylic Hanging Jewel Blue,2761.4100000000003,59936422.46999983,98.05860838534909
Pink/Purple Retro Radio,2751.2200000000003,59939173.689999826,98.06310950158934
Hand Towel Pale Blue W Flowers,2750.27,59941923.95999983,98.06760906358804
Photo Clip Line,2746.29,59944670.24999983,98.07210211413268
Photo Frame Linen And Lace Large,2736.44,59947406.689999826,98.07657904964654
Space Owl,2735.59,59950142.27999983,98.08105459452322
Set/12 Funky Felt Flower Peg In Bag,2719.89,59952862.16999983,98.08550445351331
Organiser Wood Antique White,2711.09,59955573.259999834,98.08993991531855
Ridged Glass Posy Vase,2700.69,59958273.94999983,98.09435836226892
Greeting Card Overcrowded Pool,2690.16,59960964.10999983,98.0987595816788
Folk Felt Hanging Multicol Garland,2689.76,59963653.869999826,98.1031601466712
White Soap Rack With 2 Bottles,2688.4100000000003,59966342.27999982,98.10755850300454
Mr Robot Soft Toy,2687.07,59969029.34999982,98.11195466703929
Set Of 4 Napkin Charms 3 Keys,2681.0699999999997,59971710.41999982,98.11634101481162
Mint Green Rose Towel,2680.11,59974390.52999982,98.120725791982
Large Round Wicker Platter,2672.28,59977062.80999982,98.12509775892994
Botanical Lily Gift Wrap,2670.0,59979732.80999982,98.12946599569815
Wall Art Mid Century Modern,2668.28,59982401.089999825,98.13383141847115
Acrylic Jewel Icicle Pink,2668.13,59985069.21999983,98.13819659583758
Paisley Park Card,2660.69,59987729.909999825,98.14254960103865
Pack 20 Dolly Pegs,2659.84,59990389.74999983,98.14690121560253
Love Heart Napkin Box,2659.35,59993049.09999983,98.15125202850498
Hippy Chic Decorative Parasol,2650.8700000000003,59995699.96999983,98.15558896775659
Triple Wire Hook Ivory Heart,2650.11,59998350.07999983,98.15992466361494
Ivory Embroidered Quilt,2642.44,60000992.519999824,98.16424781101787
Funky Monkey Cushion Cover,2630.7599999999998,60003623.27999982,98.16855184942997
Love Large Wood Letters,2630.12,60006253.39999982,98.17285484077411
Money Box Biscuits Design,2622.7000000000003,60008876.09999982,98.17714569267373
Set Of 2 Round Tins Dutch Cheese,2622.12,60011498.21999982,98.18143559566799
Silk Purse Babushka Blue,2616.8,60014115.01999982,98.1857167949096
Hand Open Shape Gold,2598.2799999999997,60016713.29999982,98.18996769462125
Dog Toy With Pink Crochet Skirt,2593.91,60019307.209999815,98.19421144482179
Milk Pan Blue Polkadot,2588.44,60021895.64999981,98.1984462458631
Feltcraft Doll Maria,2587.32,60024482.96999981,98.20267921453544
Decorative Vintage Coffee Box,2585.43,60027068.39999981,98.20690909108512
Greeting Card Sticky Gordon,2583.0,60029651.39999981,98.21113499204853
Denim Patch Purse Pink Butterfly,2579.97,60032231.36999981,98.21535593579942
Enchanted Bird Plant Cage,2576.67,60034808.03999981,98.219571480606
Egg Frying Pan Pink,2576.01,60037384.04999981,98.22378594562372
Multi Hearts Stickers,2574.6099999999997,60039958.65999981,98.2279981201802
Hand Towel Pink Flower And Daisy,2572.49,60042531.14999981,98.23220682632397
Clam Shell Small,2570.88,60045102.029999815,98.23641289843735
Green Goose Feather Christmas Tree,2562.49,60047664.51999982,98.2406052441438
Small Parlour Picture Frame,2558.9100000000003,60050223.42999981,98.24479173281365
Frosted White Base,2553.83,60052777.25999981,98.24896991038136
Frying Pan Blue Polkadot,2550.56,60055327.819999814,98.25314273808605
Pantry Hook Balloon Whisk,2550.11,60057877.92999981,98.25731482957107
Set Of 4 Napkin Charms Leaves,2546.72,60060424.64999981,98.26148137486784
Green Heart Compact Mirror,2533.06,60062957.709999815,98.26562557180722
Silver Glass T-Light Set,2525.7599999999998,60065483.46999981,98.26975782562731
Set/6 Black Bird T-Light Candles,2522.91,60068006.37999981,98.27388541672278
Set Of 4 Polkadot Placemats,2519.89,60070526.26999981,98.27800806696618
Blue Knitted Hen,2518.44,60073044.70999981,98.28212834494616
Cosy Hour Giant Tube Matches,2511.34,60075556.04999981,98.28623700701563
3 Tier Sweetheart Garden Shelf,2509.55,60078065.59999981,98.29034274056683
Glass Jar Kings Choice,2504.32,60080569.91999981,98.29443991760928
Scotties Childrens Apron,2502.64,60083072.55999981,98.29853434609828
Corona Mexican Tray,2500.11,60085572.66999981,98.30262463539663
Retrospot Candle Large,2490.7,60088063.36999981,98.30669952952344
Childs Garden Rake Pink,2485.4300000000003,60090548.79999981,98.31076580169979
Ivory Wire Kitchen Organiser,2476.94,60093025.73999981,98.31481818386483
Nursery A B C Painted Letters,2475.44,60095501.179999806,98.31886811196428
Assorted Cheese Fridge Magnets,2471.52,60097972.69999981,98.32291162677228
Gold Photo Frame,2470.61,60100443.30999981,98.3269536527805
Wall Art The Magic Forest,2469.4700000000003,60102912.77999981,98.33099381369885
Christmas Garland Stars Trees,2467.58,60105380.359999806,98.33503088249455
12 Pink Rose Peg Place Settings,2467.42,60107847.77999981,98.33906768952326
Cupid Design Scented Candles,2467.32,60110315.09999981,98.34310433294759
50cm Metal String With 7 Clips,2463.9,60112778.99999981,98.34713538110235
Sprig Lavender Artificial Flower,2460.3199999999997,60115239.31999981,98.35116057222054
Heart T-Light Holder,2454.71,60117694.02999981,98.35517658513339
Assorted Tutti Frutti Heart Box,2452.25,60120146.27999981,98.35918857337866
Small Round Cut Glass Candlestick,2451.16,60122597.439999804,98.36319877833624
Milk Maids Mug,2450.17,60125047.609999806,98.36720736361056
Pin Cushion Babushka Red,2450.14,60127497.74999981,98.37121589980354
Retro Pill Box Key Chain The King,2444.78,60129942.52999981,98.37521566680212
Childs Garden Rake Blue,2441.02,60132383.54999981,98.37920928227626
Set/6 Green Spring Paper Cups,2437.4,60134820.94999981,98.38319697527209
Flying Pig Watering Can,2436.4500000000003,60137257.39999981,98.38718311402637
Gingham Babushka Doorstop,2428.2,60139685.599999815,98.39115575541986
Cut Glass T-Light Holder Octagon,2423.7,60142109.29999982,98.39512103461654
Rose Du Sud Oven Glove,2413.52,60144522.81999982,98.39906965888801
Silver T-Light Setting,2413.2000000000003,60146936.019999824,98.4030177596255
Pink Stocking Christmas Decoration,2411.13,60149347.14999983,98.40696247375246
Mirror Cornice,2402.45,60151749.59999983,98.41089298701979
Glass Chalice Green Large,2392.23,60154141.82999983,98.41480677992018
Dinosaur Height Chart Sticker Set,2378.79,60156520.619999826,98.41869858439279
Pink Glass Candleholder,2378.71,60158899.32999983,98.42259025798191
White Hand Towel With Butterfly,2363.85,60161263.17999983,98.42645761996114
Angel Decoration With Lace Padded,2357.44,60163620.619999826,98.43031449490003
Love Potion Masala Incense,2355.75,60165976.369999826,98.43416860492503
Abstract Circle Journal,2350.12,60168326.48999982,98.43801350402379
Beaded Crystal Heart Pink Small,2344.17,60170670.659999825,98.44184866866236
Calendar Family Favourites,2340.66,60173011.31999982,98.4456780907874
Money Box Housekeeping Design,2327.59,60175338.909999825,98.44948612982087
Pink Sweetheart Bracelet,2326.79,60177665.699999824,98.45329286001935
Door Hanger Mum + Dads Room,2322.16,60179987.85999982,98.45709201533532
Hen Party Cordon Barrier Tape,2319.79,60182307.64999982,98.46088729322766
English Rose Small Scented Flower,2314.54,60184622.18999982,98.4646739818904
Pink And White Christmas Tree 120cm,2313.21,60186935.39999982,98.46845849461496
Edwardian Heart Photo Frame,2306.24,60189241.63999982,98.47223160411473
Egg Cup Henrietta Hen Pink,2305.9800000000005,60191547.61999982,98.4760042882431
Pearlised Ivory Heart Small,2301.15,60193848.76999982,98.47976907028024
Heart Trellis Triple T-Light Holder,2298.9700000000003,60196147.739999816,98.48353028574205
Jingle Bells Tree Decoration,2297.56,60198445.29999982,98.4872891943822
Rococo Wall Mirror White,2295.59,60200740.88999982,98.49104488001619
Folding Umbrella Blackblue Polkadot,2292.98,60203033.86999982,98.49479629557604
Easter Tree Yellow Birds,2292.61,60205326.47999982,98.4985471057997
Tea Time Tea Set In Gift Box,2292.23,60207618.709999815,98.50229729432675
Silver Diamante Pen In Gift Box,2291.45,60209910.15999982,98.50604620673968
Black Christmas Tree 120cm,2281.67,60212191.82999982,98.5097791186449
Queen Of Skies Luggage Tag,2278.35,60214470.17999982,98.51350659888493
Candle Plate Lace White,2273.86,60216744.03999982,98.51722673328858
Embroidered Ribbon Reel Ruby,2272.08,60219016.11999982,98.5209439555344
Ribbons Purse,2271.4,60221287.51999982,98.52466006527048
Green Enamel+Glass Hair Comb,2262.4,60223549.919999816,98.52836145061296
White And Blue Ceramic Oil Burner,2258.77,60225808.68999982,98.53205689711669
Black Love Bird T-Light Holder,2234.97,60228043.65999982,98.53571340577956
Pink Chick Egg Warmer + Egg Cup,2233.9,60230277.559999816,98.53936816387564
Magazine Rack Gebra Assorted,2228.9500000000003,60232506.50999982,98.54301482355523
Relax Large Wood Letters,2214.32,60234720.82999982,98.546637547915
Cherry Blossom Passport Cover,2213.98,60236934.809999816,98.55025971601991
French Carriage Lantern,2205.07,60239139.87999982,98.55386730697515
Round Blue Clock With Sucker,2202.84,60241342.71999982,98.55747124955286
Sunflower Decorative Parasol,2199.2400000000002,60243541.95999982,98.56106930237314
Rabbit Design Cotton Tote Bag,2197.6,60245739.55999982,98.5646646720817
T-Light Holder Silver Heart Handle,2194.18,60247933.73999982,98.56825444652068
Pink Butterfly Handbag W Bobbles,2186.02,60250119.75999983,98.57183087084282
Ivory String Curtain With Pole,2182.23,60252301.98999982,98.57540109455917
Cake Stand Lovebird 2 Tier Pink,2181.7599999999998,60254483.74999982,98.57897054933498
Hello Sailor Blue Soap Holder,2181.22,60256664.96999982,98.58253912064718
Candy Shop Sticker Sheet,2176.72,60258841.68999982,98.58610032976259
Pink Riviera Handbag,2174.5,60261016.18999982,98.5896579068609
Pink Rose Washbag,2173.13,60263189.31999982,98.59321324257928
Three Mini Hanging Frames,2172.32,60265361.63999982,98.59676725310226
Medium Parlour Picture Frame,2165.03,60267526.66999982,98.60030933686642
Beaded Crystal Heart Blue On Stick,2161.5,60269688.16999982,98.60384564539619
Pink Pot Plant Candle,2160.76,60271848.92999982,98.6073807432536
Classical Rose Candlestand,2155.23,60274004.15999982,98.61090679378917
Woven Berries Cushion Cover,2147.68,60276151.83999982,98.61442049219455
Flower Fairy 5 Drawer Liners,2145.33,60278297.169999816,98.61793034589716
Curious Images Notebook Set,2142.82,60280439.989999816,98.62143609313
Wrap Folk Art,2136.0,60282575.989999816,98.62493068254457
Ninja Rabbit Black,2128.91,60284704.89999981,98.62841367240905
2 Picture Book Eggs Easter Bunny,2128.2200000000003,60286833.11999981,98.63189553340338
Candle Holder Silver Madeline,2127.67,60288960.78999981,98.63537649457366
Lolita Design Cotton Tote Bag,2125.54,60291086.32999981,98.63885397097079
Vip Passport Cover,2117.1800000000003,60293203.50999981,98.6423177700423
Bunny Egg Box,2109.9900000000002,60295313.499999814,98.64576980595936
4 Rose Pink Dinner Candles,2105.03,60297418.529999815,98.64921372709952
Assorted Colour Suction Cup Hook,2100.38,60299518.90999982,98.65265004063632
Summer Daisies Bag Charm,2099.2,60301618.10999982,98.6560844236415
Butterfly Crochet Food Cover,2095.16,60303713.26999982,98.65951219703
Tranquility Masala Incense,2094.0,60305807.26999982,98.66293807260777
Woven Bubble Gum Cushion Cover,2093.16,60307900.42999981,98.6663625739088
Stripy Design Shower Cap,2092.0699999999997,60309992.499999814,98.66978529192215
Blue Scottie Dog W Flower Pattern,2089.69,60312082.18999981,98.67320411615144
Scotties Design Washbag,2064.94,60314147.12999981,98.67658244829832
Columbian Candle Rectangle,2063.52,60316210.64999981,98.6799584572631
Faux Fur Chocolate Throw,2061.32,60318271.96999981,98.68333086693166
Danish Rose Folding Chair,2060.7999999999997,60320332.76999981,98.68670242585748
Square Cherry Blossom Cabinet,2059.9500000000003,60322392.71999981,98.69007259414613
Egg Frying Pan Mint,2053.44,60324446.15999981,98.69343211179007
Set Of 4 Polkadot Coasters,2048.0099999999998,60326494.16999981,98.69678274571653
Number Tile Vintage Font No,2037.7100000000003,60328531.87999981,98.70011652839256
Green Bitty Light Chain,2027.0800000000002,60330558.95999981,98.70343291992369
Pantry Hook Tea Strainer,2026.3400000000001,60332585.29999981,98.70674810078245
Antique Silver Book Mark With Beads,2025.58,60334610.87999981,98.71006203824798
Vintage Leaf Chopping Board,2024.8999999999999,60336635.77999981,98.71337486320378
Set Of 3 Pantry Wooden Spoons,2022.24,60338658.01999981,98.71668333628324
Camphor Wood Portobello Mushroom,2014.11,60340672.12999981,98.71997850832715
Funky Monkey Gift Bag Medium,2009.6999999999998,60342681.82999981,98.72326646541819
Rose Du Sud Cushion Cover,2002.3700000000001,60344684.19999981,98.72654243030867
Pantry Hook Spatula,1999.99,60346684.18999981,98.72981450141506
Cosy Slipper Shoes Large Green,1998.42,60348682.60999981,98.73308400393279
Red Apples Chopping Board,1996.97,60350679.57999981,98.7363511341871
Green Fern Journal,1990.74,60352670.319999814,98.73960807188897
Vintage Bead Notebook,1981.22,60354651.53999981,98.74284943445448
Paper Bunting Paisley Park,1980.99,60356632.529999815,98.74609042072996
Elephant Carnival Pouffe,1977.93,60358610.459999815,98.7493264007116
Doggy Rubber,1977.77,60360588.22999982,98.75256211892622
Pink Padded Mobile,1976.49,60362564.71999982,98.75579574300488
Retro Pill Box Revolutionary,1969.92,60364534.63999982,98.75901861827622
Ivory Cafe Hanging Lamp,1969.82,60366504.45999982,98.76224132994317
Green Goose Feather Tree 60cm,1968.96,60368473.41999982,98.7654626346125
Set Of Picture Frame Stickers,1967.51,60370440.92999982,98.76868156701845
Space Frog,1959.76,60372400.68999982,98.77188782008544
Tub 24 Pink Flower Pegs,1958.64,60374359.32999982,98.77509224078345
Pink Hearts Paper Garland,1956.67,60376315.99999982,98.77829343847532
Pink Polkadot Childrens Umbrella,1954.51,60378270.50999982,98.78149110231271
Folding Umbrella Chocolate Polkadot,1953.8,60380224.309999816,98.78468760455905
Cubic Mug Flock Pink On Brown,1944.2,60382168.50999982,98.78786840078557
Abstract Circles Sketchbook,1941.03,60384109.53999982,98.79104401075344
Blue Fly Swat,1933.4399999999998,60386042.97999982,98.79420720314937
Woodland Large Red Felt Heart,1930.89,60387973.86999982,98.79736622363379
Cushion Cover Pink Union Jack,1928.08,60389901.94999982,98.80052064683531
Ninja Rabbit Pink,1927.19,60391829.139999814,98.8036736139579
Jardin Etched Glass Fruitbowl,1922.73,60393751.86999981,98.80681928432544
Egg Frying Pan Blue,1922.52,60395674.389999814,98.80996461112382
2 Picture Book Eggs Easter Chicks,1916.23,60397590.61999981,98.81309964720708
Ivory Pillar Candle Gold Flock,1906.24,60399496.85999981,98.81621833921346
Blue Daisy Mobile,1900.33,60401397.18999981,98.81932736220139
Silver Mini Tape Measure,1897.34,60403294.529999815,98.82243149341856
Star T-Light Holder,1895.1,60405189.62999982,98.82553195989776
Lilac Diamante Pen In Gift Box,1888.5,60407078.12999982,98.8286216284883
Mirrored Wall Art Gents,1881.74,60408959.86999982,98.83170023742322
Painted Lightbulb Star+ Moon,1876.21,60410836.07999982,98.8347697990363
Lavender Incense In Tin,1864.79,60412700.86999982,98.83782067702992
Small Chunky Glass Roman Bowl,1863.05,60414563.919999816,98.84086870830747
Set Of 36 Mushroom Paper Doilies,1861.05,60416424.96999981,98.84391346749753
Greeting Card Square Doughnuts,1860.97,60418285.93999981,98.8469580958041
Gold Wine Goblet,1858.08,60420144.01999981,98.84999799594428
Vintage Keepsake Box Paris Days,1851.9,60421995.91999981,98.85302778533419
Doorstop Football Design,1848.1,60423844.01999981,98.85605135775792
Silver Rococo Candle Stick,1845.9,60425689.91999981,98.85907133088543
Triangular Pouffe Vintage,1842.55,60427532.469999805,98.86208582326643
Blue Tv Tray Table,1833.37,60429365.8399998,98.86508529676594
Ivory Sweetheart Soap Dish,1832.67,60431198.509999804,98.86808362503486
Glass Chalice Green Small,1830.5100000000002,60433029.0199998,98.87107841944932
Kitchen Flower Pots Wall Plaque,1823.78,60434852.7999998,98.87406220328944
Red Dragonfly Helicopter,1817.2299999999998,60436670.0299998,98.87703527104311
T-Light Holder Silver Petit Four,1815.13,60438485.1599998,98.88000490310495
Silver Photo Frame,1813.73,60440298.8899998,98.88297224470556
Pink Spots Chocolate Nesting Boxes,1805.08,60442103.9699998,98.88592543452786
Mrs Robot Soft Toy,1804.3600000000001,60443908.3299998,98.8888774463987
Pink Gingham Cat With Scarf,1798.02,60445706.3499998,98.89181908575225
Chrysanthemum Notebook,1796.18,60447502.5299998,98.89475771478533
Wire Egg Basket,1793.8400000000001,60449296.3699998,98.89769251547608
Queen Of The Skies Passport Cover,1785.26,60451081.6299998,98.90061327891159
Paperweight Kings Choice,1781.51,60452863.1399998,98.90352790718312
Fuschia Flower Purse With Beads,1778.5,60454641.6399998,98.906437610963
Mirrored Wall Art Ladies,1778.5,60456420.1399998,98.90934731474287
Economy Luggage Tag,1769.92,60458190.0599998,98.91224298126751
Ivory Wire Sweetheart Letter Tray,1769.12,60459959.1799998,98.91513733895718
4 Sky Blue Dinner Candles,1764.15,60461723.3299998,98.91802356550949
Three Canvas Luggage Tags,1764.15,60463487.479999796,98.92090979206178
Pig Mug In Two Colour Designs,1763.24,60465250.7199998,98.92379452981429
Pack Of 12 Christmas Fun Cards,1757.24,60467007.9599998,98.92666945130439
Hanging Metal Chicken Decoration,1757.05,60468765.0099998,98.92954406194619
Abstract Circles Pocket Book,1756.58,60470521.589999795,98.93241790364742
Folk Art Metal Heart T-Light Holder,1754.89,60472276.479999796,98.93528898043476
Mum's Kitchen Clock,1752.88,60474029.3599998,98.93815676877419
Ladybird + Bee Raffia Food Cover,1748.6299999999999,60475777.9899998,98.94101760392776
Medina Stamped Metal Stool,1744.17,60477522.1599998,98.94387114232627
Blue Diamante Pen In Gift Box,1739.02,60479261.179999806,98.94671625509956
Mirror Love Bird T-Light Holder,1737.16,60480998.3399998,98.94955832483149
First Class Luggage Tag,1732.27,60482730.609999806,98.95239239430958
Acrylic Jewel Snowflake Pink,1725.44,60484456.0499998,98.95521528960896
Glass Bonne Jam Jar,1724.17,60486180.219999805,98.95803610713281
Rose Du Sud Drawstring Bag,1720.36,60487900.579999804,98.96085069133002
Enamel Blue Rim Coffee Container,1716.9799999999998,60489617.5599998,98.96365974569942
Keep Out Boys Door Hanger,1713.61,60491331.1699998,98.96646328660142
Pin Cushion Babushka Blue,1712.21,60493043.3799998,98.96926453704222
Classical Rose Small Vase,1708.4299999999998,60494751.8099998,98.9720596032377
S/4 Groovy Cat Magnets,1706.79,60496458.5999998,98.97485198632145
Paperweight Home Sweet Home,1703.85,60498162.4499998,98.97763955943662
Ceramic Strawberry Trinket Tray,1703.67,60499866.1199998,98.98042683806393
Vintage Union Jack Shopping Bag,1702.6,60501568.719999805,98.98321236612446
Set Of 4 Napkin Charms Instrument,1693.96,60503262.679999806,98.98598375876712
Garden Path Sketchbook,1691.79,60504954.469999805,98.98875160119488
Blue Paisley Sketchbook,1691.12,60506645.5899998,98.99151834747332
Blue Knitted Egg Cosy,1688.8,60508334.3899998,98.9942812981303
Ping! Microwave Plate,1685.1699999999998,60510019.5599998,98.99703830994854
Green Round Compact Mirror,1675.8200000000002,60511695.3799998,98.99978002475787
Regency Mirror With Shutters,1670.76,60513366.1399998,99.00251346118591
Set Of 6 Ribbons Perfectly Pretty,1661.93,60515028.0699998,99.0052324513478
Origami Vanilla Incense Cones,1661.5900000000001,60516689.6599998,99.00795088525479
Set/4 Blue Flower Candles In Bowl,1639.28,60518328.939999804,99.0106328190261
Painted Lightbulb Rainbow Design,1635.83,60519964.7699998,99.01330910844653
Pink Scottie Dog W Flower Pattern,1634.9299999999998,60521599.6999998,99.0159839254276
Pink Flower Fabric Pony,1633.48,60523233.1799998,99.01865637014527
Space Cadet Red,1621.58,60524854.7599998,99.0213093459425
Candy Spot Heart Decoration,1621.5,60526476.2599998,99.02396219085622
Red Daisy Pocket Book,1620.76,60528097.019999795,99.02661382509758
Gold Fabric Mirror,1619.12,60529716.13999979,99.02926277622723
Paper Lantern 7 Point Snow Star,1602.04,60531318.17999979,99.03188378372991
Enamel Blue Rim Biscuit Bin,1599.44,60532917.61999979,99.03450053751888
Black Baroque Wall Clock,1593.09,60534510.70999979,99.03710690243015
Pink Knitted Egg Cosy,1585.4,60536096.10999979,99.0397006861651
Pink Felt Easter Rabbit Garland,1581.27,60537677.379999794,99.04228771303944
Hanging Glass Etched Tealight,1577.12,60539254.49999979,99.04486795033229
Silver Disco Handbag,1573.3,60540827.79999979,99.04744193793807
Folding Umbrella Pinkwhite Polkadot,1567.95,60542395.74999979,99.05000717270988
Cinammon & Orange Wreath,1551.39,60543947.13999979,99.05254531459745
Blue Heart Compact Mirror,1548.8500000000001,60545495.98999979,99.05507930093395
Folding Umbrella White/Red Polkadot,1548.5,60547044.48999979,99.05761271465515
Daisy Notebook,1540.17,60548584.659999795,99.06013250013206
Woven Frost Cushion Cover,1535.19,60550119.84999979,99.06264413811114
Wall Art I Love London,1534.5,60551654.34999979,99.06515464722007
Glass Sphere Candle Stand Medium,1534.1,60553188.449999794,99.06766450191151
Pair Padded Hangers Pink Check,1533.32,60554721.769999795,99.07017308048883
Large Parlour Picture Frame,1529.92,60556251.6899998,99.07267609651747
Eight Piece Dinosaur Set,1528.52,60557780.2099998,99.07517682208486
Set Of 3 Gold Flying Ducks,1523.44,60559303.6499998,99.0776692365501
Set/6 Posies Paper Cups,1521.78,60560825.4299998,99.08015893518274
Set Of 2 Tea Towels Ping Microwave,1521.55,60562346.979999796,99.0826482575253
Cd Wall Tidy Red Flowers,1520.82,60563867.799999796,99.08513638555596
Sweetheart Wall Tidy,1514.93,60565382.729999796,99.08761487728903
Pink Goose Feather Tree 60cm,1507.72,60566890.449999794,99.09008157314675
Small Tall Camphor Wood Toadstool,1501.24,60568391.6899998,99.09253766744112
Black Silouette Candle Plate,1500.1599999999999,60569891.84999979,99.09499199480823
Fan Black Frame,1499.93,60571391.77999979,99.09744594588528
Pink Hawaiian Picnic Hamper For 2,1492.4,60572884.17999979,99.09988757755303
Green Fern Sketchbook,1490.31,60574374.48999979,99.10232578988938
Box/12 Chick & Egg In Basket,1489.38,60575863.869999796,99.10476248070506
Edwardian Photo Frame,1484.82,60577348.6899998,99.10719171116132
Medium White/Pink Rose Art Flower,1480.18,60578828.869999796,99.10961335037464
Green Square Compact Mirror,1475.4,60580304.269999795,99.11202716929891
Paper Lantern 5 Point Star Moon,1471.06,60581775.3299998,99.1144338877934
Teatime Funky Flower Backpack For 2,1457.82,60583233.1499998,99.11681894506884
Assorted Tutti Frutti Large Purse,1456.99,60584690.1399998,99.119202644428
Vintage Glass Coffee Caddy,1452.96,60586143.0999998,99.1215797505309
Black Orange Squeezer,1448.71,60587591.8099998,99.12394990344794
Apothecary Measuring Jar,1447.8799999999999,60589039.689999804,99.12631869844867
Money Box Confectionery Design,1446.5800000000002,60590486.2699998,99.12868536659255
Chrysanthemum Sketchbook,1445.99,60591932.259999804,99.13105106947063
2 Picture Book Eggs Easter Ducks,1440.88,60593373.13999981,99.13340841216525
Columbian Cube Candle,1439.22,60594812.359999806,99.13576303902725
Bag Of Silver Stones,1434.86,60596247.219999805,99.13811053273858
Silver Jewelled Mirror Trinket Tray,1429.65,60597676.8699998,99.14044950266205
Small Apothecary Measuring Jar,1427.2,60599104.06999981,99.14278446427839
School Desk And Chair,1424.57,60600528.63999981,99.1451151230997
Cubic Mug Flock Blue On Brown,1422.79,60601951.429999806,99.14744286976317
Sweet Heart Cake Carrier,1417.8799999999999,60603369.30999981,99.1497625834519
Set/3 Rabbits Flower Skippping Rope,1417.84,60604787.14999981,99.15208223169888
Paper Lantern 9 Point Holly Star S,1416.62,60606203.76999981,99.15439988397252
Tall Rococo Candle Holder,1413.96,60607617.72999981,99.15671318436982
Antique Glass Place Setting,1406.66,60609024.38999981,99.15901454164786
Glow In Dark Dolphins,1405.8600000000001,60610430.24999981,99.16131459009092
Vintage Pink Decorative Parasol,1404.0500000000002,60611834.2999998,99.16361167729481
Floor Cushion Elephant Carnival,1403.5900000000001,60613237.88999981,99.1659080119186
Set/6 Posies Paper Plates,1402.8,60614640.689999804,99.16820305406783
Vintage Notebook Paris Days,1402.1399999999999,60616042.829999804,99.17049701642821
Mirrored Dove Wall Decoration,1396.8200000000002,60617439.649999805,99.17278227503591
Cooking Set Retrospot,1395.57,60618835.219999805,99.17506548858896
Doorstop Racing Car Design,1392.98,60620228.1999998,99.17734446478872
A4 Wall Tidy Blue Office,1384.49,60621612.689999804,99.17960955097719
Paperweight Vintage Paisley,1382.19,60622994.8799998,99.18187087426509
Beaded Crystal Heart Green Small,1380.4,60624375.2799998,99.18412926903468
Ridged Glass Storage Jar Cream Lid,1377.15,60625752.4299998,99.18638234666216
Garden Metal Sign,1376.63,60627129.0599998,99.18863457354689
Fawn And Mushroom Greeting Card,1375.54,60628504.5999998,99.19088501714396
Blue & White Breakfast Tray,1371.29,60629875.8899998,99.19312850755514
Nurse's Bag Soft Toy,1367.63,60631243.5199998,99.19536601004627
Green Sweetheart Bracelet,1363.99,60632607.509999804,99.19759755733821
Pink & White Breakfast Tray,1362.91,60633970.4199998,99.19982733770293
4 Purple Flock Dinner Candles,1362.02,60635332.439999804,99.20205566198871
Mirrored Wall Art Photo Frames,1361.62,60636694.0599998,99.204283331857
Gold Standing Gnome,1359.48,60638053.5399998,99.20650750059171
Greeting Card Two Sisters,1356.79,60639410.3299998,99.20872726836876
Paisley Pattern Stickers,1354.73,60640765.059999794,99.21094366589573
Pink Jewelled Photo Frame,1347.56,60642112.619999796,99.21314833298914
Beach Hut Shelf W 3 Drawers,1347.17,60643459.7899998,99.21535236202548
Bathroom Hook,1346.21,60644805.9999998,99.21755482045984
Chambre Hook,1346.1200000000001,60646152.119999796,99.21975713165027
Kensington Coffee Set,1337.13,60647489.2499998,99.22194473480752
Decorative Plant Pot With Frieze,1336.1499999999999,60648825.3999998,99.22413073464193
Cakes And Rabbits Design Flannel,1335.55,60650160.949999794,99.22631575285007
Rose Du Sud Cosmetics Bag,1333.33,60651494.27999979,99.22849713904115
"Letter ""A"" Bling Key Ring",1331.6,60652825.879999794,99.23067569487657
Pink/Flower Rabbit Egg Warmer,1322.91,60654148.78999979,99.23284003349194
Black Diner Wall Clock,1317.73,60655466.51999979,99.23499589740076
Number Tile Vintage Font 3,1314.8600000000001,60656781.37999979,99.2371470658641
Red Kukui Coconut Seed Necklace,1312.64,60658094.01999979,99.23929460231032
Small Camphor Wood Field Mushroom,1311.93,60659405.94999979,99.2414409771655
Sunset Colour Chunky Knitted Throw,1310.8,60660716.749999784,99.24358550329124
Square Floor Cushion Vintage Red,1300.1399999999999,60662016.889999785,99.2457125891908
Carousel Design Washbag,1299.68,60663316.569999784,99.24783892251024
Paper Lantern 9 Point Holly Star L,1299.18,60664615.749999784,99.24996443780782
4 Pink Dinner Candle Silver Flock,1298.8,60665914.54999978,99.25208933140878
Vintage Keepsake Box Travelogue,1293.28,60667207.82999978,99.25420519404834
Small White/Pink Rose Art Flower,1289.21,60668497.03999978,99.2563143979899
Set/4 Colourful Mixing Bowls,1289.2,60669786.239999786,99.25842358557102
Silver Vanilla Flower Candle Pot,1288.92,60671075.15999979,99.2605323150599
Pink Bertie Glass Bead Bag Charm,1287.5,60672362.65999979,99.26263872136667
Red White Scarf Hot Water Bottle,1287.47,60673650.12999979,99.26474507859213
Blond Doll Doorstop,1275.3100000000002,60674925.43999979,99.26683154152579
S/6 Sew On Crochet Flowers,1270.88,60676196.31999979,99.26891075678571
Snack Tray Red Vintage Doily,1270.17,60677466.48999979,99.27098881045458
Nine Drawer Office Tidy,1269.99,60678736.479999796,99.2730665696356
Mousey Long Legs Soft Toy,1261.11,60679997.589999795,99.27512980074823
Forked Cactus Candle,1260.3500000000001,60681257.9399998,99.27719178846766
Blue Tile Hook,1260.35,60682518.2899998,99.27925377618706
Assorted Sanskrit Mini Notebook,1256.77,60683775.0599998,99.28130990686991
Black Sweetheart Bracelet,1255.36,60685030.4199998,99.28336373073108
Glass Twist Bon Bon Jar,1253.6,60686284.0199998,99.2854146751553
Antique Ivory Wire Bowl Small,1252.43,60687536.4499998,99.28746370540834
Poppy Fields Chopping Board,1252.06,60688788.509999804,99.28951213032519
Six Drawer Office Tidy,1248.8,60690037.3099998,99.29155522173949
Weekend Bag Vintage Rose Paisley,1248.21,60691285.5199998,99.29359734788797
Set Of Skull Wall Stickers,1245.68,60692531.1999998,99.29563533484581
Pink Monte Carlo Handbag,1242.74,60693773.939999804,99.29766851183507
Number Tile Vintage Font 2,1240.6399999999999,60695014.579999804,99.29969825313252
Assorted Colour Metal Cat,1235.17,60696249.74999981,99.30171904527072
Flower Blue Clock With Sucker,1234.35,60697484.09999981,99.30373849585305
Shoe Shine Box,1233.21,60698717.30999981,99.30575608134555
Round White Confetti In Tube,1232.28,60699949.58999981,99.30777214531736
Purple Acrylic Faceted Bangle,1231.8899999999999,60701181.47999981,99.3097875712321
Green Juicy Fruit Photo Frame,1231.62,60702413.09999981,99.31180255541506
Number Tile Cottage Garden 1,1230.18,60703643.27999981,99.31381518369503
Chrysanthemum Journal,1228.93,60704872.20999981,99.31582576692034
Pink/Yellow Flowers Handbag,1222.18,60706094.38999981,99.31782530685044
White Baroque Wall Clock,1221.04,60707315.429999806,99.31982298169069
Number Tile Vintage Font 1,1220.23,60708535.6599998,99.3218193313355
Hand Open Shape Decowhite,1219.5,60709755.1599998,99.3238144866684
Blue Juicy Fruit Photo Frame,1215.5,60710970.6599998,99.32580309782637
Table Lamp White Shade Wood Base,1214.18,60712184.8399998,99.3277895494066
Clear Love Bird T-Light Holder,1213.8999999999999,60713398.7399998,99.3297755428946
Yellow Shark Helicopter,1211.36,60714610.0999998,99.3317573808315
Gold Fishing Gnome,1208.67,60715818.7699998,99.33373481781078
Number Tile Vintage Font 4,1206.47,60717025.2399998,99.33570865549383
Chest 7 Drawer Ma Campagne,1206.03,60718231.2699998,99.33768177331764
Number Tile Cottage Garden 2,1204.56,60719435.829999804,99.33965248615718
Blue Dragonfly Helicopter,1203.95,60720639.77999981,99.34162220101001
Set/3 Polkadot Stacking Tins,1198.69,60721838.469999805,99.34358331027282
Pink Felt Hanging Heart W Flower,1196.92,60723035.38999981,99.34554152373822
Black Square Table Clock,1193.86,60724229.24999981,99.3474947309098
Ant Copper Lime Boudicca Bracelet,1187.13,60725416.37999981,99.34943692750704
Polyester Filler Pad 45x30cm,1186.58,60726602.95999981,99.35137822428024
Easter Bunny With Basket On Back,1181.85,60727784.80999981,99.35331178256658
Polyester Filler Pad 30cmx30cm,1180.31,60728965.11999981,99.35524282134557
Lavender Incense 40 Cones In Tin,1179.1899999999998,60730144.30999981,99.35717202775557
Number Tile Vintage Font 5,1176.55,60731320.859999806,99.35909691501013
Vintage Jingle Bells Wreath,1160.69,60732481.5499998,99.36099585461105
Skulls Storage Box Small,1159.68,60733641.2299998,99.3628931418078
Wake Up Cockerel Calendar Sign,1155.73,60734796.9599998,99.36478396663183
Pink Bitty Light Chain,1152.5600000000002,60735949.5199998,99.36666960519722
Black Bird Garden Design Mug,1150.31,60737099.829999804,99.36855156266421
Large Apothecary Measuring Jar,1150.19,60738250.0199998,99.37043332380594
Blue Round Compact Mirror,1150.0900000000001,60739400.109999806,99.37231492134332
Mirrored Wall Art Splodges,1149.15,60740549.259999804,99.37419498099955
Large Skull Windmill,1147.39,60741696.649999805,99.37607216121884
Ass Floral Print Spirit Level,1146.24,60742842.88999981,99.37794745998784
Set Of 6 Ribbons Country Style,1146.1,60743988.98999981,99.37982252971071
Skulls Storage Box Large,1145.01,60745133.99999981,99.3816958161459
Snack Tray Paisley Park,1141.3500000000001,60746275.34999981,99.38356311466103
Set Of 6 Ribbons Party,1139.39,60747414.73999981,99.38542720653045
Steel Sweetheart Round Table Cream,1137.23,60748551.969999805,99.3872877645454
Vintage Kitchen Print Fruits,1137.1499999999999,60749689.1199998,99.38914819167684
First Class Passport Cover,1134.27,60750823.38999981,99.39100390700236
Number Tile Vintage Font 6,1133.22,60751956.609999806,99.39285790448194
Set/3 Pot Plant Candles,1132.3,60753088.9099998,99.39471039680127
4 Blue Dinner Candles Silver Flock,1131.0,60754219.9099998,99.39656076226376
Snack Tray I Love London,1121.79,60755341.6999998,99.39839605976347
Blue Voile Lampshade,1121.54,60756463.2399998,99.40023094825224
Strawberry Dream Childs Umbrella,1110.81,60757574.0499998,99.40204828199175
Daisy Folkart Heart Decoration,1106.88,60758680.929999806,99.40385918607942
Green Cat Floral Cushion Cover,1101.82,60759782.74999981,99.40566181178576
Woven Sunset Cushion Cover,1099.29,60760882.039999805,99.40746029830147
Hanging Medina Lantern Small,1096.15,60761978.189999804,99.40925364763984
Black Enamel Flower Ring,1090.91,60763069.0999998,99.41103842410905
Rose Du Sud Washbag,1089.38,60764158.4799998,99.41282069743136
Wrap Summer Rose Design,1089.3600000000001,60765247.8399998,99.4146029380328
Purple Bertie Glass Bead Bag Charm,1086.42,60766334.259999804,99.41638036866566
Bathroom Set Love Heart Design,1084.12,60767418.3799998,99.41815403639792
Vegetable Garden Chopping Board,1083.06,60768501.439999804,99.41992596992384
"Pink/White ""Keep Clean"" Bullet Bin",1083.03,60769584.469999805,99.42169785436845
Pink Retro Big Flower Bag,1078.0,60770662.469999805,99.42346150951307
Sweet Pudding Sticker Sheet,1074.3999999999999,60771736.8699998,99.42521927490024
Baby Mouse Red Gingham Dress,1072.72,60772809.5899998,99.42697429173394
Pink Candystuft Artificial Flower,1071.98,60773881.5699998,99.42872809789529
Ceramic Birdhouse Crested Tit Small,1069.35,60774950.9199998,99.43047760126161
Space Cadet White,1067.59,60776018.509999804,99.43222422519098
Ant Copper Turq Boudicca Bracelet,1066.32,60777084.829999804,99.43396877134481
Heart Buttons Jewellery Box,1061.76,60778146.5899998,99.43570585713918
Pink Bunny Easter Egg Basket,1058.52,60779205.109999806,99.43743764215189
Cake Stand Victorian Filigree Large,1057.62,60780262.7299998,99.4391679547252
Posy Candy Bag,1055.6,60781318.329999804,99.44089496249022
Set Of 4 Carousel Placemats,1052.47,60782370.7999998,99.44261684943831
Pantry Kitchen Thermometer,1052.3700000000001,60783423.1699998,99.44433857278204
Set/20 Fruit Salad Paper Napkins,1048.96,60784472.1299998,99.44605471721664
Blue Bunny Easter Egg Basket,1046.58,60785518.7099998,99.44776696786717
Fuschia Voile Pointy Shoe Dec,1045.85,60786564.5599998,99.44947802420576
Red Retrospot Washbag,1042.9,60787607.4599998,99.45118425421533
Acrylic Hanging Jewel Pink,1041.95,60788649.4099998,99.45288892998336
Painted Sea Shell Metal Windchime,1040.7,60789690.109999806,99.45459156069674
Zinc Wire Sweetheart Letter Tray,1039.38,60790729.48999981,99.45629203183238
Number Tile Vintage Font 7,1035.68,60791765.16999981,99.45798644960621
Red Acrylic Faceted Bangle,1032.59,60792797.75999981,99.45967581200489
Purple Enamel+Glass Hair Comb,1028.64,60793826.39999981,99.46135871203083
Green Fern Notebook,1026.18,60794852.57999981,99.4630375873892
Triple Wire Hook Pink Heart,1025.44,60795878.01999981,99.46471525207518
Carnival Bracelet,1023.0,60796901.01999981,99.46638892481447
Antique Cream Cutlery Cupboard,1021.64,60797922.65999981,99.46806037253427
Paint Your Own Eggs In Crate,1021.46,60798944.11999981,99.4697315257662
Pink Butterfly Cushion Cover,1021.32,60799965.43999981,99.47140244995201
Pocket Mirror Woodland,1020.5699999999999,60800986.00999981,99.47307214710503
Lazer Cut Necklace W Pastel Beads,1016.46,60802002.46999981,99.4747351201183
Pop Art Push Down Rubber,1016.26,60803018.72999981,99.47639776592281
Blue Felt Hanging Heart With Flower,1011.61,60804030.33999981,99.47805280412398
Pink Disco Handbag,1010.0600000000001,60805040.39999981,99.47970530645735
Plasmatronic Lamp,1009.1500000000001,60806049.54999981,99.48135631999092
Pack 3 Fire Engine/Car Patches,1004.0300000000001,60807053.57999981,99.48299895698058
Milk Pan Pink Polkadot,1003.71,60808057.28999981,99.48464107043625
Black Feather Christmas Decoration,1002.24,60809059.529999815,99.48628077890764
Pink Fly Swat,1001.1999999999999,60810060.72999982,99.48791878589354
Green Enamel Flower Ring,999.39,60811060.11999982,99.48955383164028
Assorted Farmyard Animals In Bucket,998.96,60812059.07999982,99.4911881738882
Vintage Rose Bead Bracelet Raspberr,989.6,60813048.67999982,99.4928072027668
Money Box First Aid Design,988.23,60814036.90999982,99.49442399026546
Blue Cushion Cover With Flower,985.58,60815022.489999816,99.49603644224824
Crochet Rose Purse With Suede Back,983.5,60816005.989999816,99.49764549126006
Number Tile Cottage Garden No,977.84,60816983.82999982,99.49924528026435
Blue Delphinium Artificial Flower,973.8900000000001,60817957.71999982,99.50083860689588
White Stitched Cushion Cover,973.6500000000001,60818931.36999982,99.50243154087691
Round Pink Heart Mirror,965.4,60819896.76999982,99.50401097749716
Green Diamante Pen In Gift Box,962.27,60820859.03999982,99.50558529330051
Yellow Felt Hanging Heart W Flower,961.04,60821820.07999982,99.50715759677007
Gold Scroll Glass T-Light Holder,960.5,60822780.57999982,99.50872901677602
Large Tortilla Design Red Bowl,957.9300000000001,60823738.50999982,99.51029623214957
Tuscan Villa Dovecote Bird Feeder,954.38,60824692.88999982,99.51185763956786
Woodland Large Blue Felt Heart,953.8800000000001,60825646.769999824,99.51341822896431
Daisy Sketchbook,942.29,60826589.05999982,99.51495985661387
Dolly Cabinet 3 Drawers,941.45,60827530.50999983,99.5165001099867
Daisy Hair Band,940.57,60828471.07999983,99.51803892364103
Silver Christmas Tree Bauble Stand,940.16,60829411.23999982,99.51957706651741
Gold Aperitif Glass,937.2,60830348.439999826,99.52111036670439
Psychedelic Wall Thermometer,935.2,60831283.63999983,99.52264039480389
White Square Table Clock,935.0600000000001,60832218.69999983,99.52417019385724
Yellow Easter Egg Hunt Start Post,933.23,60833151.92999983,99.52569699895058
Clear Stationery Box Set,932.5799999999999,60834084.50999983,99.52722274061549
Purple Sweetheart Bracelet,927.81,60835012.31999983,99.5287406783518
Party Time Design Flannel,925.14,60835937.45999983,99.53025424785132
Beaded Crystal Heart Blue Small,923.3100000000001,60836860.76999983,99.53176482339082
Number Tile Vintage Font 8,923.23,60837783.99999983,99.53327526804682
"Letter ""S"" Bling Key Ring",922.62,60838706.619999826,99.53478471471614
String Of Stars Card Holder,922.49,60839629.10999983,99.53629394869978
Metalic Leaves Bag Charms,920.3,60840549.409999825,99.53779959974764
Beaded Pearl Heart White Large,919.38,60841468.78999983,99.53930374563527
Acrylic Geometric Lamp,918.11,60842386.89999983,99.54080581374735
Vintage Shells Print,916.95,60843303.84999983,99.54230598404871
Paper Lantern 5 Point Sequin Star,916.22,60844220.06999983,99.54380496003814
Daisy Journal,911.42,60845131.48999983,99.54529608301765
Sweetheart Cream Steel Table Rect,910.91,60846042.39999983,99.54678637161486
Turq+Red Boudicca Large Bracelet,906.96,60846949.35999983,99.54827019783932
Woven Candy Cushion Cover,904.96,60847854.31999983,99.5497507519763
Purple Enamel Flower Ring,900.5300000000001,60848754.84999983,99.55122405843956
Origami Sandlewood Incense+Flower,898.53,60849653.37999983,99.55269409281534
Number Tile Cottage Garden 4,896.03,60850549.40999983,99.55416003708179
36 Pencils Tube Posy,888.51,60851437.91999983,99.55561367829937
Number Tile Vintage Font 9,887.5,60852325.41999983,99.55706566711278
"Letter ""C"" Bling Key Ring",886.4,60853211.81999983,99.55851585627808
Cd Wall Tidy Blue Office,884.59,60854096.40999983,99.55996308420421
Silver Flowr Pink Shell Necklace,882.9100000000001,60854979.31999983,99.56140756357688
French Chateau Large Platter,882.1,60855861.41999983,99.56285071775413
Set/4 Modern Vintage Cotton Napkins,878.14,60856739.55999983,99.56428739319819
Ant Copper Pink Boudicca Bracelet,876.89,60857616.44999983,99.56572202358758
"Letter ""L"" Bling Key Ring",870.01,60858486.45999983,99.5671453979961
Pink Metal Swinging Bunny,869.8199999999999,60859356.27999983,99.5685684615563
Polkadot Mug Pink,864.28,60860220.55999983,99.56998246143421
Turquoise Bertie Glass Bead Charm,860.75,60861081.30999983,99.57139068607775
Set 4 Picnic Cutlery Blueberry,859.06,60861940.36999983,99.57279614580739
Tropical Luggage Tag,856.77,60862797.13999984,99.57419785899687
Blue Circles Design Monkey Doll,856.39,60863653.52999984,99.57559895048972
Starfish Soap Dish,855.4,60864508.929999836,99.57699842229928
Number Tile Cottage Garden 3,854.2,60865363.12999984,99.57839593085637
Silver Fishing Gnome,853.59,60866216.71999984,99.57979244142678
Brown Kukui Coconut Seed Necklace,852.4,60867069.11999984,99.58118700510514
Small Kitchen Flower Pots Plaque,852.2900000000001,60867921.40999984,99.5825813888187
Mirrored Wall Art Table Lamp,850.63,60868772.03999984,99.58397305669966
Set/4 Butterfly Mirror Magnets,850.1,60869622.139999844,99.58536385747743
Camouflage Ear Muff Headphones,848.0600000000001,60870470.19999985,99.586751320726
Four Rabbit Easter Decorations,845.3599999999999,60871315.559999846,99.58813436665648
Cream Delphinium Artificial Flower,843.94,60872159.49999984,99.58951508940486
Black Baroque Carriage Clock,841.72,60873001.21999984,99.59089218013612
Crystal Frog Phone Charm,839.53,60873840.74999984,99.59226568793166
Vintage Kitchen Print Vegetables,835.9,60874676.64999984,99.59363325688841
White With Black Cats Plate,833.5200000000001,60875510.169999845,99.5949969320611
Easter Bunny Hanging Garland,833.44,60876343.60999984,99.59636047635027
Cherry Blossom Luggage Tag,832.5,60877176.10999984,99.59772248275834
Charlie And Lola Charlotte Bag,832.4300000000001,60878008.53999984,99.59908437464335
Crystal Sea Horse Phone Charm,831.2,60878839.739999846,99.60044425419456
Acrylic Jewel Angel Pink,829.9200000000001,60879669.65999985,99.6018020396098
Blue Cat Biscuit Barrel Pink Heart,828.57,60880498.22999985,99.60315761636599
Metal Rabbit Ladder Easter,822.88,60881321.10999985,99.60450388403335
Eau De Nile Jewelled T-Light Holder,822.52,60882143.62999985,99.60584956272497
Number Tile Vintage Font 0,822.4300000000001,60882966.05999985,99.60719509417264
Red Enamel Flower Ring,821.5200000000001,60883787.57999986,99.60853913682051
Number Tile Cottage Garden 6,820.87,60884608.449999854,99.60988211603997
S/2 Zinc Heart Design Planters,818.0,60885426.449999854,99.6112203998139
75 Green Fairy Cake Cases,812.08,60886238.52999985,99.61254899820892
Red Shark Helicopter,806.6999999999999,60887045.229999855,99.61386879468867
Number Tile Cottage Garden 0,806.3,60887851.52999985,99.61518793675091
Lunch Box With Cutlery Fairy Cakes,794.7099999999999,60888646.23999985,99.61648811706631
New Baroque Jewellery Box,793.38,60889439.619999856,99.61778612144353
Number Tile Cottage Garden 7,790.3100000000001,60890229.92999986,99.61907910316648
Floral Soft Car Toy,789.9399999999999,60891019.869999856,99.62037147955326
Blue Blossom Hair Clip,789.63,60891809.49999986,99.62166334876648
Condiment Tray 4 Bowls And 4 Spoons,788.3,60892597.799999855,99.62295304204153
Number Tile Cottage Garden 9,787.36,60893385.159999855,99.62424119743547
Pink Strawberry Handbag,782.05,60894167.20999985,99.62552066543716
French Style Embossed Heart Cabinet,781.61,60894948.81999985,99.62679941357965
Spotted White Natural Seed Necklace,780.96,60895729.77999985,99.62807709829369
Fruit Tree And Birds Wall Plaque,777.5699999999999,60896507.34999985,99.6293492368195
Origami Opium Incense/Candle Set,773.32,60897280.66999985,99.63061442215943
Number Tile Cottage Garden 8,767.59,60898048.25999986,99.63187023296875
Black Ear Muff Headphones,760.02,60898808.27999986,99.63311365892702
Heavens Scent Fragrance Oils Asstd,759.6,60899567.87999986,99.63435639774693
Number Tile Cottage Garden 5,755.88,60900323.759999864,99.63559305048415
Lilac Votive Candle,753.8400000000001,60901077.59999987,99.63682636569214
Garden Path Pocket Book,752.49,60901830.08999987,99.63805747224112
Cordial Glass Jug,750.66,60902580.749999866,99.63928558483003
Snack Tray Happy Forest,750.36,60903331.109999865,99.64051320660585
Zinc Heart Lattice Charger Large,749.01,60904080.11999986,99.6417386197226
"Letter ""K"" Bling Key Ring",746.35,60904826.469999865,99.64295968096303
Teatime Pen Case & Pens,746.1800000000001,60905572.649999864,99.64418046407604
Silver Teddy Bear,746.18,60906318.829999864,99.64540124718904
Classic White Frame,746.16,60907064.98999986,99.64662199758115
Blue Circles Design Teddy,745.48,60907810.46999986,99.64784163546354
Small Blue Provencal Ceramic Ball,741.96,60908552.42999986,99.64905551447198
Frog Candle,741.79,60909294.21999986,99.65026911535298
Doormat Friendship,739.2,60910033.41999986,99.65147847888073
Ivory Retro Kitchen Wall Clock,736.99,60910770.40999986,99.65268422675183
Vintage Post Office Cabinet,735.6000000000001,60911506.009999864,99.65388770052213
Citrus Garland Felt Flowers,735.0,60912241.009999864,99.6550901926662
"Letter ""J"" Bling Key Ring",729.4699999999999,60912970.47999986,99.6562836374884
Blue Sweetheart Bracelet,729.3399999999999,60913699.819999866,99.65747686962493
Set 4 Picnic Cutlery Cherry,724.31,60914424.12999987,99.65866187246148
Set 4 Picnic Cutlery Fondant,722.81,60915146.93999987,99.65984442123244
Large Camphor Wood Field Mushroom,722.16,60915869.09999987,99.66102590657496
Stripes Design Teddy,719.68,60916588.77999987,99.66220333452902
Green Murano Twist Bracelet,718.48,60917307.259999864,99.6633787992306
Yellow/Orange Flower Design Plate,717.4,60918024.65999986,99.66455249700496
Pink/Blue String Curtain,715.86,60918740.51999986,99.66572367527196
Scented Candle In Digitalis Tin,715.48,60919455.99999986,99.66689423184232
Fruit Salad Bag Charm,708.84,60920164.83999986,99.66805392508233
White Chrysanthemums Art Flower,706.8,60920871.63999986,99.6692102807931
Chrysanthemum Pocket Book,706.75,60921578.38999986,99.67036655470169
Midnight Blue Vintage Earrings,701.61,60922279.99999986,99.67151441934548
Turquoise Glass Tassle Bag Charm,701.46,60922981.45999986,99.67266203858273
Green Fern Pocket Book,700.56,60923682.01999986,99.67380818538062
Hardman Mug 3 Assorted,699.5,60924381.51999986,99.67495259797215
Summer Butterflies Bag Charm,691.27,60925072.789999865,99.67608354592375
Old Rose Combo Bead Necklace,688.08,60925760.86999986,99.67720927489584
Flowers Tile Hook,686.85,60926447.719999865,99.67833299153413
Black Small Glass Cake Stand,681.65,60927129.36999986,99.67944820074501
"Letter ""E"" Bling Key Ring",681.03,60927810.399999864,99.68056239560879
Fuschia Retro Bar Stool,679.9,60928490.29999986,99.68167474174314
Set Of 12 Rose Botanical T-Lights,679.6800000000001,60929169.97999986,99.68278672794786
Purple Dress Jewellery Stand,674.66,60929844.63999986,99.68389050121303
Vintage Bead Cosmetic Bag,674.63,60930519.26999986,99.68499422539692
Blue Paisley Notebook,668.64,60931187.90999986,99.68608814967882
Danish Rose Bedside Cabinet,665.6,60931853.509999864,99.68717710038779
St Tropez Necklace,663.27,60932516.77999987,99.68826223911485
Silver Standing Gnome,663.26,60933180.039999865,99.68934736148148
Pink Boudicca Large Bracelet,660.71,60933840.749999866,99.69042831193659
Floor Lamp Shade Wood Base,658.73,60934499.47999986,99.6915060230251
4 Burgundy Wine Dinner Candles,658.45,60935157.929999866,99.69258327602137
Flower Fairy Incense Bouquet,658.4200000000001,60935816.34999987,99.69366047993631
Medium Pink Buddha Head,656.63,60936472.97999987,99.69473475533299
Purple Boudicca Large Bracelet,649.6600000000001,60937122.63999987,99.69579762750485
French Enamel Utensil Holder,649.41,60937772.04999986,99.69686009066575
Lush Greens Ribbons,648.16,60938420.20999986,99.69792050877199
Cosy Slipper Shoes Small Red,646.08,60939066.28999986,99.69897752390727
Joy Large Wood Letters,641.87,60939708.159999855,99.70002765129844
"Letter ""D"" Bling Key Ring",641.01,60940349.16999985,99.701076371692
Zinc Sweetheart Soap Dish,637.83,60940986.99999985,99.70211988946647
Jardin Etched Glass Small Bell Jar,636.63,60941623.62999985,99.70316144398849
Cake Shop Sticker Sheet,633.8399999999999,60942257.46999986,99.70419843394848
Floral Pink Monster,632.86,60942890.32999986,99.7052338205856
Yellow Breakfast Cup And Saucer,632.55,60943522.87999985,99.70626870004918
House Wrecking Metal Sign,632.4000000000001,60944155.27999985,99.70730333410617
Beach Hut Design Blackboard,628.53,60944783.80999985,99.70833163667395
Bathroom Scales Footprints In Sand,627.51,60945411.31999985,99.70935827047708
Green Christmas Tree String 20light,626.4,60946037.71999985,99.7103830882717
Silver Roccoco Chandelier,625.47,60946663.18999985,99.71140638454564
Black Grand Baroque Photo Frame,625.18,60947288.36999985,99.71242920636689
Flames Sunglasses Pink Lenses,624.41,60947912.779999845,99.71345076843448
Set 4 Nursery Des Round Boxes,622.35,60948535.129999846,99.71446896025196
Green Geisha Girl,621.0699999999999,60949156.19999985,99.71548505793348
Curio Cabinet Linen And Lace,620.5,60949776.69999985,99.71650022307006
75 Black Petit Four Cases,619.44,60950396.139999844,99.71751365400029
Chunky Silver Necklace Pastel Flowe,619.41,60951015.54999984,99.71852703584919
Fairy Cake Notebook A5 Size,619.0699999999999,60951634.61999984,99.71953986144324
Pink Pillar Candle Silver Flock,616.71,60952251.32999984,99.72054882597406
"Letter ""M"" Bling Key Ring",613.01,60952864.33999984,99.72155173714309
Silver Mop Orbit Drop Earrings,612.4399999999999,60953476.77999984,99.72255371576718
Dolly Cabinet 2 Drawers,610.5799999999999,60954087.359999835,99.72355265134993
Space Cadet Black,610.31,60954697.66999984,99.72455114520088
Crystal Diamante Star Brooch,607.91,60955305.579999834,99.72554571254685
Pair Of Pink Flower Cluster Slide,606.53,60955912.109999835,99.72653802215248
Elvis Wallhanging / Curtain,604.52,60956516.62999984,99.7275270433102
Small Zinc/Glass Candleholder,603.9200000000001,60957120.54999984,99.72851508284168
Blue Geisha Girl,602.99,60957723.53999984,99.72950160085252
Newspaper Stand,601.67,60958325.209999844,99.7304859592856
Assorted Cakes Fridge Magnets,600.5999999999999,60958925.809999846,99.7314685671519
Pink/Purple Circle Curtain,590.96,60959516.76999985,99.73243540355658
Blue Square Compact Mirror,588.03,60960104.79999985,99.73339744635315
Wake Up Cockerel Tile Hook,584.6600000000001,60960689.459999844,99.73435397568232
Silver Bracelet W Pastel Flower,584.64,60961274.099999845,99.73531047229062
Pink Square Table Clock,584.61,60961858.709999844,99.73626691981762
Pink Feathers Curtain,584.52,60962443.22999985,99.73722322010067
Jade Drop Earrings W Filigree,582.5,60963025.72999985,99.7381762155754
Flag Of St George Chair,579.54,60963605.26999985,99.73912436836065
Red Daisy Paper Lampshade,576.5,60964181.76999985,99.74006754757296
Necklace+Bracelet Set Blue Blossom,576.16,60964757.92999984,99.74101017053042
Gold Ear Muff Headphones,575.27,60965333.19999985,99.74195133740893
Vintage Kitchen Print Seafood,573.51,60965906.709999844,99.74288962485048
Silver Mop Orbit Bracelet,573.19,60966479.89999984,99.74382738875802
Yellow Flowers Felt Handbag Kit,572.48,60967052.37999984,99.74476399107454
Large Blue Provencal Ceramic Ball,572.3900000000001,60967624.76999984,99.7457004461471
Beach Hut Mirror,570.34,60968195.10999984,99.74663354733003
Periwinkle T-Light Holder,568.82,60968763.92999984,99.74756416172647
Square Metal Candleholder Base,565.39,60969329.319999844,99.74848916449291
Flowers Handbag Blue And Orange,564.97,60969894.28999984,99.74941348012098
Jardin Etched Glass Large Bell Jar,561.44,60970455.72999984,99.75033202051465
Hen House W Family In Barn & Nest,559.98,60971015.70999984,99.75124817228448
"Letter ""G"" Bling Key Ring",559.12,60971574.829999834,99.75216291705671
Antique Cream Cutlery Shelf,558.53,60972133.359999835,99.75307669656314
Blue Polkadot Purse,556.66,60972690.01999983,99.75398741666775
Amethyst Chunky Bead Bracelet W Str,555.1,60973245.11999983,99.7548955845442
Retro Tin Ashtray Revolutionary,553.04,60973798.15999983,99.7558003821705
Vintage Kitchen Print Puddings,552.98,60974351.13999983,99.75670508163421
Blue Murano Twist Bracelet,551.38,60974902.51999983,99.75760716342795
4 Pink Flock Christmas Balls,550.91,60975453.42999983,99.75850847628112
Bili Nut And Wood Necklace,549.47,60976002.89999983,99.75940743323132
Pink Glass Tassle Bag Charm,546.24,60976549.13999983,99.76030110576026
Wine Bottle Dressing Dark Blue,546.17,60977095.30999983,99.76119466376613
La Palmiera Tile Hook,545.53,60977640.83999983,99.76208717470402
Envelope 50 Curious Images,540.16,60978180.99999983,99.76297090008707
Milk Bottle With Glass Stopper,536.44,60978717.439999826,99.76384853938742
Oyster Trinket Box,536.44,60979253.879999824,99.76472617868778
Peace Small Wood Letters,536.07,60979789.949999824,99.76560321265194
Green Wire Standing Candle Holder,534.86,60980324.80999982,99.7664782670032
Wrap Green Russian Folkart,534.0,60980858.80999982,99.76735191435684
Retro Pink Ball Ashtray,530.38,60981389.189999826,99.76821963923217
Top Secret Pen Set,530.38,60981919.56999983,99.7690873641075
Beach Hut Key Cabinet,530.1899999999999,60982449.75999983,99.76995477813452
12 Pink Hen+Chicks In Basket,527.26,60982977.019999824,99.7708173985534
Red Boudicca Large Bracelet,522.4200000000001,60983499.439999826,99.77167210052062
Green Vintage Earrings,521.6,60984021.03999983,99.77252546093196
Stripes Design Monkey Doll,521.3,60984542.339999825,99.77337833053019
Cherry Blossom Canvas Art Picture,520.7,60985063.03999983,99.77423021850218
Pink Heart Dots Hot Water Bottle,520.6800000000001,60985583.71999983,99.7750820737533
Large Tall Camphor Wood Toadstool,519.8199999999999,60986103.53999983,99.7759325220068
Bathroom Scales Rubber Ducks,519.71,60986623.24999983,99.77678279029548
Crystal Diamante Expandable Ring,511.21999999999997,60987134.46999983,99.77761916857288
Diamante Hair Grip Pack/2 Crystal,508.77,60987643.23999983,99.77845153854314
Vintage Rose Bead Bracelet Black,508.46,60988151.69999983,99.77928340133982
Pink Hydrangea Art Flower,508.30000000000007,60988659.99999983,99.78011500236953
Small Hanging Glass+Zinc Lantern,504.82,60989164.81999983,99.78094090996703
Purple Glass Tassle Bag Charm,503.61,60989668.42999983,99.78176483795161
Black Glass Bracelet W Heart Charms,502.16999999999996,60990170.59999983,99.78258641003322
Vintage Notebook Travelogue,497.76,60990668.35999983,99.78340076716196
Blue Table Run Flower,497.49,60991165.84999983,99.7842146825589
Blue Flower Des Purse,495.7099999999999,60991661.55999983,99.78502568579799
Set 10 Cards Dinky Tree 17076,494.96000000000004,60992156.51999983,99.78583546200429
White Frangipani Necklace,493.55999999999995,60992650.079999834,99.78664294774936
Set Of 72 Green Paper Doilies,493.08000000000004,60993143.15999983,99.78744964819342
Red Glass Tassle Bag Charm,493.06,60993636.219999835,99.78825631591663
Pink/White Christmas Tree 30cm,489.44000000000005,60994125.65999983,99.7890570611615
Blue Travel First Aid Kit,489.40000000000003,60994615.05999983,99.78985774096464
Ivory Sculpted Rnd Candle,489.28,60995104.33999983,99.79065822444252
Chalkboard Kitchen Organiser,488.65999999999997,60995592.99999983,99.79145769357329
Ruby Glass Cluster Earrings,485.45,60996078.44999983,99.79225191100367
Blue Chenille Shaggy Cushion Cover,484.94,60996563.38999983,99.79304529405175
Pink Yellow Patch Cushion Cover,482.59,60997045.97999983,99.79383483239707
Amber Drop Earrings W Long Beads,482.13,60997528.109999835,99.79462361816228
White Rosebud Pearl Bracelet,480.90000000000003,60998009.009999834,99.79541039159368
T-Light Holder Silver Saucer,477.59,60998486.59999984,99.79619174972031
Amber Glass/Silver Bracelet,476.35,60998962.94999984,99.79697107915273
Pink Jewelled Mirror Trinket Tray,474.5,60999437.44999984,99.79774738190423
Pink And Black String Curtain,473.7,60999911.14999984,99.79852237582075
Retro Brown Ball Ashtray,472.73,61000383.87999984,99.79929578277485
"Letter ""H"" Bling Key Ring",472.28,61000856.15999984,99.80006845350927
Silver Mop Orbit Necklace,470.33,61001326.48999984,99.8008379339584
Pink Round Compact Mirror,469.56000000000006,61001796.04999984,99.80160615465387
Moroccan Beaten Metal Mirror,469.55,61002265.59999984,99.80237435898889
Silver Oval Shape Trinket Box,469.34,61002734.93999984,99.80314221975473
Turq Stone/Crystal Earrings,468.18,61003203.11999984,99.80390818270983
Set 10 Cards Red Riding Hood 17214,466.72,61003669.83999984,99.80467175704109
Pink Paisley Cushion Cover,463.5,61004133.33999984,99.80543006331153
Pink Marshmallow Scarf Knitting Kit,462.96,61004596.29999984,99.80618748611836
White Glass Chunky Charm Bracelet,462.29,61005058.58999984,99.80694381277588
Freestyle Canvas Art Picture,460.93,61005519.51999984,99.80769791441392
Crochet White Rabbit Keyring,460.68,61005980.19999984,99.80845160704104
Tuscan Villa Bird Feeder,459.15000000000003,61006439.34999984,99.80920279652123
Black Vintage Earrings,457.36,61006896.70999984,99.80995105748315
New Baroque Black Photo Album,453.07,61007349.77999984,99.81069229981745
Amber Diamante Expandable Ring,452.12,61007801.899999835,99.8114319879102
Diamante Bow Brooch Green Colour,451.97,61008253.86999983,99.81217143059638
Pair Butterfly Hair Clips,451.3,61008705.16999983,99.81290977713326
Transparent Acrylic Tape Dispenser,449.71999999999997,61009154.88999983,99.81364553872105
Clear Milkshake Glass,446.40000000000003,61009601.28999983,99.81437586864365
Butterfly Hair Band,444.2,61010045.48999983,99.81510259927003
Large Zinc Glass Candleholder,443.42,61010488.90999983,99.8158280537823
Hanging Bauble T-Light Holder Large,442.47,61010931.37999983,99.81655195405303
"Letter ""Y"" Bling Key Ring",437.75,61011369.12999983,99.81726813219733
Set Of 12 Mini Bunnies In A Bucket,434.0,61011803.12999983,99.81797817517763
Green Glass Tassle Bag Charm,433.34000000000003,61012236.469999835,99.81868713836909
Clear Acrylic Faceted Bangle,432.40000000000003,61012668.86999983,99.81939456367941
Hanging Ridge Glass T-Light Holder,431.28,61013100.149999835,99.82010015662075
Diamante Bow Brooch Red Colour,431.23,61013531.37999983,99.8208056677599
Decorative Hanging Shelving Unit,430.2,61013961.579999834,99.82150949377403
Way Out Metal Sign,429.84,61014391.41999984,99.82221273081241
Easter Bunny Wreath,428.96,61014820.37999984,99.82291452813229
Wrap A Pretty Thank You,421.75,61015242.12999984,99.82360452957685
Blue Green Embroidery Cosmetic Bag,420.38,61015662.50999984,99.8242922896415
Clear Crystal Star Phone Charm,420.32,61016082.82999984,99.82497995154354
Pink Flock Glass Candleholder,419.92,61016502.74999984,99.82566695902808
Red Retro Kitchen Wall Clock,419.06,61016921.809999846,99.82635255951502
Silver Hoop Earrings With Flower,418.96000000000004,61017340.76999985,99.82703799639756
Pink/Green Flower Design Big Mug,418.68,61017759.44999985,99.82772297518787
White/Pink Chick Easter Decoration,416.44,61018175.889999844,99.82840428924021
Zinc Wire Kitchen Organiser,414.2,61018590.08999985,99.8290819385546
Tropical Holiday Purse,411.64,61019001.72999985,99.82975539959702
First Class Holiday Purse,410.35,61019412.07999985,99.83042675014303
Zinc Top 2 Door Wooden Shelf,410.04,61019822.11999985,99.83109759351548
Pink Green Embroidery Cosmetic Bag,403.6,61020225.71999985,99.83175790076628
Black Chunky Bead Bracelet W Strap,403.24,61020628.95999985,99.83241761904135
Crystal Pair Heart Hair Slides,401.97,61021030.92999985,99.83307525954086
Silver Lariat 40cm,400.65,61021431.57999985,99.83373074046266
Grey Acrylic Faceted Bangle,400.40000000000003,61021831.97999985,99.83438581237351
Cannabis Leaf Bead Curtain,400.32,61022232.29999985,99.83504075340088
Midnight Blue Pair Heart Hair Slide,399.45,61022631.74999985,99.8356942710702
Pink String Curtain With Pole,398.8,61023030.54999985,99.83634672531107
Red Polkadot Pudding Bowl,396.01,61023426.559999846,99.83699461498995
Set Of 4 Green Carousel Coasters,392.5,61023819.059999846,99.83763676215531
"Letter ""R"" Bling Key Ring",389.65,61024208.709999844,99.83827424659603
Vintage Enamel & Crystal Earrings,387.23,61024595.93999984,99.83890777181091
Light Pink Flock Glass Candleholder,383.04,61024978.97999984,99.83953444200256
Snack Tray Red Gingham,382.83000000000004,61025361.80999984,99.84016076862503
Christmas Tree T-Light Holder,382.51,61025744.31999984,99.8407865717135
Blue Rose Patch Purse Pink Butterfl,382.08,61026126.399999835,99.84141167130315
Pink Oval Shape Trinket Box,382.06,61026508.45999984,99.84203673817194
Pair Of Enamel Butterfly Hairclip,381.51,61026889.969999835,99.84266090521668
"Retro ""Tea For One""",380.24,61027270.20999984,99.84328299448588
Black Diamante Expandable Ring,379.40999999999997,61027649.61999983,99.84390372583877
Pink Rosebud Pearl Bracelet,375.66,61028025.27999983,99.84451832202764
Pink Heart Red Handbag,375.24,61028400.51999983,99.84513223107817
Wood And Glass Medicine Cabinet,374.74,61028775.259999834,99.84574532210685
"Letter ""N"" Bling Key Ring",373.33,61029148.58999983,99.84635610631382
Christmas Craft Heart Stocking,372.0,61029520.58999983,99.84696471458265
Watermelon Bath Sponge,371.48,61029892.06999983,99.84757247210875
Tigris Eye Chunky Charm Bracelet,370.40999999999997,61030262.479999825,99.84817847906804
Blue Disco Handbag,368.75,61030631.229999825,99.84878177019473
12 Hanging Eggs Hand Painted,366.47,61030997.699999824,99.84938133114171
Gold/Mop Pendant Orbit Necklace,365.23,61031362.92999982,99.84997886339445
Large Mint Diamante Hairslide,364.75,61031727.67999982,99.85057561034623
Pink Daisy Bag Charm,360.71,61032088.38999982,99.8511657476813
"Letter ""I"" Bling Key Ring",360.55,61032448.93999982,99.85175562324939
Necklace+Bracelet Pink Butterfly,359.8,61032808.739999816,99.85234427178467
Pink Cat Floral Cushion Cover,359.66,61033168.39999981,99.85293269127381
White 3 Frame Birds And Tree,358.69,61033527.08999981,99.85351952380056
Ant Silver Lime Green Boudicca Ring,358.29,61033885.37999981,99.8541057019098
Vintage Zinc Planter,356.85,61034242.22999981,99.85468952411607
Yellow/Pink Flower Design Big Mug,353.05,61034595.27999981,99.85526712935615
Carousel Ponies Baby Bib,353.05,61034948.329999804,99.85584473459623
Purple Frangipani Necklace,351.71,61035300.039999805,99.8564201475377
"Letter ""B"" Bling Key Ring",351.61,61035651.649999805,99.85699539687482
Economy Holiday Purse,350.03,61036001.679999806,99.85756806126282
Turquoise Crystal+Glass Bracelet,349.75,61036351.429999806,99.85814026755858
White Tissue Ream,349.59999999999997,61036701.02999981,99.85871222844779
Hilda Candy Spot Rabbit,345.48,61037046.509999804,99.85927744883679
Green Easter Egg Hunt Start Post,345.23,61037391.7399998,99.85984226021488
Best Dad Candle Letters,344.71999999999997,61037736.4599998,99.86040623721065
Ivy Heart Wreath,344.01,61038080.4699998,99.86096905261539
Blue Hanging Gingham Easter Hen,341.76,61038422.229999796,99.86152818692173
Pink Hanging Gingham Easter Hen,341.76,61038763.98999979,99.86208732122805
Ant Copper Red Boudicca Bracelet,341.43,61039105.41999979,99.86264591563994
Large Crystal Diamante Hairslide,340.87,61039446.28999979,99.86320359386735
Crystal Stiletto Phone Charm,339.58,61039785.86999979,99.86375916159834
Silver Candlepot Jardin,338.15999999999997,61040124.029999785,99.86431240614722
Copper/Olive Green Flower Necklace,337.95000000000005,61040461.97999979,99.86486530712695
Pink Crystal+Glass Bracelet,337.64,61040799.61999979,99.8654177009331
Gold Mop Orbit Necklace,336.96999999999997,61041136.58999979,99.86596899858993
Blue Polkadot Pudding Bowl,336.85,61041473.43999979,99.86652009992154
Blue/Yellow Flower Design Big Mug,334.95000000000005,61041808.38999979,99.86706809277005
Vanilla Incense 40 Cones In Tin,334.37,61042142.75999979,99.8676151367132
Gold Washbag,332.64,61042475.39999979,99.86815935030067
Tuscan Villa Bird Table,332.55,61042807.94999979,99.86870341664422
Pink Clear Glass Candle Plate,331.22,61043139.169999786,99.86924530704961
Acrylic Jewel Icicle Blue,329.84000000000003,61043469.00999979,99.86978493971463
Multicolour Polkadot Plate,328.40999999999997,61043797.419999786,99.87032223283713
Midnight Blue Glass/Silver Bracelet,328.07,61044125.489999786,99.87085896970474
Pink Oval Jewelled Mirror,327.0,61044452.489999786,99.87139395600558
Amethyst Diamante Expandable Ring,326.92,61044779.40999979,99.8719288114229
Blue Retro Kitchen Wall Clock,326.71000000000004,61045106.11999979,99.87246332327105
Pet Mug Goldfish,326.39,61045432.50999979,99.8729973115852
Yellow Dragonfly Helicopter,325.12,61045757.62999979,99.8735292221238
5 Strand Glass Necklace Crystal,324.59000000000003,61046082.21999979,99.87406026555924
Queen Of The Skies Holiday Purse,324.11,61046406.32999979,99.87459052369367
Drop Diamante Earrings Crystal,323.29,61046729.61999979,99.87511944027224
Necklace+Bracelet Set Blue Hibiscus,321.61,61047051.22999979,99.87564560829735
Ivory Shell Heart Necklace,321.02,61047372.24999979,99.87617081105665
Ruby Glass Cluster Bracelet,320.3,61047692.54999979,99.87669483586446
Aqua Bertie Glass Bead Bag Charm,319.46,61048012.00999979,99.87721748639554
Zinc Heart Lattice 2 Wall Planter,318.44000000000005,61048330.44999979,99.87773846816201
Candy Spot Tea Cosy,317.76000000000005,61048648.209999785,99.87825833741871
Drop Diamante Earrings Purple,317.32,61048965.529999785,99.8787774868162
Fuschia Table Run Flower,316.43,61049281.959999785,99.87929518013478
Pastel Blue Photo Album,312.04,61049593.999999784,99.87980569122135
Folding Camping Scissor W/Knif & S,311.1,61049905.099999785,99.88031466442683
Purple Frangipani Hairclip,310.71999999999997,61050215.819999784,99.88082301593566
Knitted Rabbit Doll,310.44,61050526.25999978,99.88133090935226
Ass Col Small Sand Gecko P'weight,309.72,61050835.97999978,99.88183762481738
"Letter ""P"" Bling Key Ring",307.1,61051143.07999978,99.8823400538479
Edwardian Drop Earrings Jet Black,306.56,61051449.639999785,99.88284159941482
Small Single Flame Candle Holder,305.93,61051755.569999784,99.88334211427419
Ass Col Large Sand Frog P'weight,305.91,61052061.47999978,99.88384259641268
Folk Art Greeting Card Pack/12,305.21,61052366.68999978,99.88434193332054
New Baroque Large Necklace Blk/Whit,301.52,61052668.209999785,99.88483523322705
French Chateau Small Fruitbowl,298.88,61052967.08999979,99.88532421397811
Vintage Keepsake Box Pink Flower,298.72,61053265.80999979,99.88581293296215
String Of 8 Butterflies Pink,298.5,61053564.30999979,99.88630129201658
Yellow Pink Flower Design Big Bowl,298.2,61053862.50999979,99.88678916025788
S/3 Pot Pouri Cushions Blue Colours,297.6,61054160.10999979,99.88727604687294
Pink & White Rosebud Ring,297.17,61054457.27999979,99.8877622299892
Floral Bathroom Set,295.89,61054753.16999979,99.88824631896948
Pink Foxglove Artiifcial Flower,295.78,61055048.949999794,99.88873022798495
Yellow Pot Plant Candle,295.38,61055344.3299998,99.88921348258295
Blue Monte Carlo Handbag,294.0,61055638.3299998,99.88969447944056
Pink Small Glass Cake Stand,294.0,61055932.3299998,99.8901754762982
Moroccan Beaten Metal Dish Large,292.9,61056225.229999796,99.89065467350771
Round Articulated Pink Clock W/Suck,292.32,61056517.549999796,99.89113292181186
Black+White Necklace W Tassel,290.31,61056807.8599998,99.89160788166811
White Christmas Flock Droplet,289.54,61057097.3999998,99.89208158177068
Flag Of St George Car Flag,289.2,61057386.5999998,99.89255472561838
Set 10 Cards 12 Days Wrap 17058,288.86,61057675.4599998,99.89302731321122
Set/9 Christmas T-Lights Scented,288.25,61057963.7099998,99.89349890281737
Fire Polished Glass Bracelet Green,287.96,61058251.6699998,99.89397001797086
Folkart Christmas Tree T-Light Hold,287.28000000000003,61058538.9499998,99.89444002061458
Gold Mop Orbit Drop Earrings,286.84,61058825.789999805,99.89490930339909
Pack/12 Blue Folkart Cards,285.90999999999997,61059111.6999998,99.8953770646629
Green Peony Cushion Cover,285.38,61059397.079999804,99.89584395882356
Silver/Mop Pendant Orbit Necklace,282.63,61059679.70999981,99.89630635386393
Diamante Hair Grip Pack/2 Peridot,281.45,61059961.15999981,99.8967668183727
Diamante Hair Grip Pack/2 Ruby,281.22,61060242.37999981,99.89722690659141
Pink Breakfast Cup And Saucer,279.85,61060522.22999981,99.89768475343021
Green Pair Heart Hair Slides,279.82,61060802.04999981,99.89814255118769
Lily Brooch Olive Colour,279.22,61061081.26999981,99.89859936731894
Zinc Heart Lattice Charger Small,278.67,61061359.93999981,99.89905528362613
Pink Enamel Flower Hair Tie,278.49,61061638.42999981,99.89951090544545
Purple Gemstone Bracelet,278.12,61061916.54999981,99.89996592192858
Purple Enamel Flower Hair Tie,277.26,61062193.80999981,99.90041953141412
Ruby Drop Chandelier Earrings,277.19,61062470.99999981,99.90087302637657
Black Christmas Flock Droplet,276.72,61062747.719999805,99.90132575239849
Moroccan Beaten Metal Dish,276.13,61063023.84999981,99.9017775131546
Flag Of St George,274.62,61063298.469999805,99.90222680348467
Pink Fluffy Christmas Decoration,274.4,61063572.8699998,99.9026757338851
Set 10 Cards Dressing Up 17077,274.15000000000003,61063847.0199998,99.90312425527462
Teal/Fuschia Col Bead Necklace,273.15,61064120.1699998,99.9035711406204
White Hydrangea Art Flower,272.8,61064392.9699998,99.90401745335087
Crystal Hoop Earring Floral Leaf,272.48,61064665.449999794,99.90446324254734
Bird Box Christmas Tree Decoration,268.58,61064934.02999979,99.90490265117326
Amethyst Glass/Shell/Pearl Necklace,267.65,61065201.67999979,99.90534053827851
S/4 Icon Coaster Elvis Lives,267.13,61065468.809999794,99.90577757464101
Wrap Blue Russian Folkart,267.0,61065735.809999794,99.90621439831783
Wrap Pink Flock,267.0,61066002.809999794,99.90665122199465
Pink Flowers Rabbit Easter,265.40999999999997,61066268.21999979,99.90708544436194
English Rose Metal Waste Bin,265.4,61066533.61999979,99.9075196503688
Polyester Filler Pad 65cmx65cm,262.98,61066796.599999785,99.9079498971498
Crochet Bear Red/Blue Keyring,262.68,61067059.279999785,99.90837965311768
Cream Climbing Hydranga Art Flower,261.28,61067320.55999979,99.90880711862437
Fine Silver Necklace W Pastel Flowe,259.81,61067580.36999979,99.90923217914674
Turq Ice Cream Bum Bag,259.49,61067839.85999979,99.90965671613513
Wise Man Star Shape Egg Pan,259.47,61068099.32999979,99.91008122040263
"Flower Glass Garld Neckl36""Amethyst",257.25,61068356.57999979,99.91050209265306
Little Green Monster Soft Toy,256.71999999999997,61068613.29999979,99.9109220978003
Amethyst Drop Earrings W Long Beads,256.65000000000003,61068869.94999979,99.91134198842448
Lilac Gauze Butterfly Lampshade,256.32,61069126.26999979,99.91176133915422
Cherry Blossom Purse,255.9,61069382.169999786,99.91218000274561
Red Peony Cushion Cover,255.34,61069637.50999979,99.9125977501525
Gold Mop Orbit Bracelet,254.59,61069892.09999979,99.91301427052659
Amber Chunky Bead Bracelet W Strap,253.89,61070145.98999979,99.91342964567006
Bathroom Scales Tropical Beach,253.62,61070399.60999979,99.91384457908174
Vintage Zinc Watering Can Small,253.55,61070653.15999979,99.91425939797034
Murano Style Glass Bracelet Black,252.88,61070906.03999979,99.91467312070965
Blue Climbing Hydranga Art Flower,251.02,61071157.059999794,99.91508380040761
Silver/Amethyst Drop Earrings Leaf,250.57,61071407.629999794,99.91549374388589
Green/Blue Flower Design Big Mug,249.75,61071657.379999794,99.9159023458083
Blue Murano Twist Necklace,245.89000000000001,61071903.269999795,99.91630463260192
Silver Drop Earrings With Flower,245.61,61072148.879999794,99.91670646130329
Pink Heart Of Glass Bracelet,245.12,61072393.99999979,99.91710748834322
Multicolour Easter Rabbit,245.0,61072638.99999979,99.9175083190579
Purple/Copper Hanging Lampshade,244.64,61072883.63999979,99.91790856079685
Goldie Looking Mirror,244.28,61073127.91999979,99.91830821356005
Pink Party Sunglasses,242.69,61073370.60999979,99.91870526501371
White Allium Artificial Flower,239.6,61073610.20999979,99.91909726109223
Silver Lattice Vanilla Candle Pot,239.53,61073849.73999979,99.9194891426477
Daisy Hair Comb,237.13,61074086.869999796,99.91987709769822
Green Enamel Flower Hair Tie,236.99,61074323.8599998,99.92026482370261
Union Jack Hot Water Bottle,235.70000000000002,61074559.5599998,99.92065043921058
Vintage Wooden Bar Stool,235.5,61074795.0599998,99.92103572750979
Vintage Zinc Watering Can,235.47,61075030.5299998,99.9214209667277
"Letter ""F"" Bling Key Ring",235.19,61075265.7199998,99.92180574785336
Glitter Snow Pear Tree Decoration,234.79999999999998,61075500.519999795,99.92218989092194
Black Medium Glass Cake Stand,234.38,61075734.8999998,99.9225733468522
Cute Bird Ceature Screen,234.3,61075969.199999794,99.92295667189893
Pink Crystal Skull Phone Charm,234.0,61076203.199999794,99.92333950613255
Silver Lariat Black Stone Earrings,233.62,61076436.81999979,99.92372171866954
Diamante Hair Grip Pack/2 Lt Rose,233.53,61076670.34999979,99.92410378396261
Rustic Wooden Cabinet Glass Doors,230.38,61076900.729999796,99.92448069571793
"Letter ""V"" Bling Key Ring",229.85999999999999,61077130.589999795,99.92485675673048
Cream Bunny Easter Egg Basket,229.5,61077360.089999795,99.9252322287673
Green Heart Of Glass Bracelet,228.89,61077588.979999796,99.92560670281745
Colourful Flower Fruit Bowl,227.75,61077816.729999796,99.92597931177774
White Vint Art Deco Crystal Necklac,227.52,61078044.2499998,99.92635154444797
Green Murano Twist Necklace,225.04,61078269.2899998,99.92671971972973
Flower Purple Clock With Sucker,224.4,61078493.6899998,99.92708684794351
Pink Chrysanthemums Art Flower,223.2,61078716.8899998,99.92745201290481
Holly Top Christmas Stocking,222.4,61078939.2899998,99.92781586903112
Recipe Box With Metal Heart,220.79999999999998,61079160.089999795,99.92817710748744
"Flower Glass Garland Neckl36""Black",220.75,61079380.839999795,99.9285382641416
Toast Its - Dinosaur,219.07,61079599.909999795,99.92889667224229
White Enamel Flower Hair Tie,218.06,61079817.9699998,99.92925342793879
Pink Painted Kashmiri Chair,217.08,61080035.049999796,99.92960858031245
Black/White Glass/Silver Bracelet,215.3,61080250.34999979,99.92996082052824
Raspberry Ant Copper Flower Necklac,213.13,61080463.479999796,99.93030951052916
2 Daisies Hair Comb,212.73000000000002,61080676.20999979,99.93065754611254
Set Of 6 Ice Cream Skittles,212.32,61080888.52999979,99.93100491091802
Romantic Images Scrap Book Set,211.01,61081099.53999979,99.93135013250621
White Rosebud Pearl Earrings,210.26,61081309.79999979,99.9316941270616
Long Silver Necklace Pastel Flower,209.6,61081519.39999979,99.93203704182812
Blue Wire Spiral Candle Holder,207.65,61081727.04999979,99.93237676630937
"Letter ""T"" Bling Key Ring",206.78,61081933.82999979,99.93271506743257
Congratulations Bunting,205.92000000000002,61082139.74999979,99.93305196155815
Little Pink Monster Soft Toy,205.28,61082345.02999979,99.93338780861575
Yellow/Blue Retro Radio,205.24,61082550.269999795,99.9337235902316
Set 10 Card Kraft Reindeer 17084,205.16000000000003,61082755.42999979,99.93405924096393
Pink Rosebud Pearl Earrings,204.94,61082960.36999979,99.93439453176666
Pink Acrylic Jewel Snowflake,204.84,61083165.20999979,99.93472965896501
Glass And Painted Beads Bracelet To,203.32,61083368.52999979,99.9350622993769
Cream Sweetheart Wall Cabinet,201.54000000000002,61083570.06999979,99.93539202763093
Set Of 3 Coney Island Oval Boxes,200.98000000000002,61083771.04999979,99.93572083970047
Murano Style Glass Bracelet Red,199.14000000000001,61083970.18999979,99.93604664144954
Frog Sock Puppet,199.05,61084169.239999786,99.93637229595468
Gold Print Paper Bag,198.36,61084367.599999785,99.93669682158963
Red Peony Table Clock,198.16,61084565.75999978,99.93702102001583
Silver/Crystal Drop Earrings W Leaf,197.82000000000002,61084763.57999978,99.93734466218717
Gold Teddy Bear,197.5,61084961.07999978,99.93766778082453
Pink Glass Chunky Charm Bracelet,196.47,61085157.54999978,99.93798921433684
Oriental Red Cushion Cover,195.26,61085352.80999978,99.93830866823622
Lily Brooch Amethyst Colour,195.08,61085547.88999978,99.93862782764774
S/3 Pink Square Planters Roses,192.94,61085740.829999775,99.93894348592565
Purple Foxglove Artiifcial Flower,192.89999999999998,61085933.72999977,99.93925907876182
La Palmiera Wall Thermometer,192.89999999999998,61086126.62999977,99.939574671598
Rose Colour Pair Heart Hair Slides,190.95,61086317.579999775,99.93988707414888
Hello Sailor Bathroom Set,189.36,61086506.939999774,99.94019687539024
Blue Check Bag W Handle 34x20cm,188.7,61086695.63999978,99.94050559684275
Vip Holiday Purse,188.6,61086884.23999978,99.94081415469088
Crystal Czech Cross Phone Charm,187.87,61087072.109999776,99.94112151822706
Ant Silver Fuschia Boudicca Ring,185.78,61087257.88999978,99.94142546243187
Candy Spot Bunny,185.78,61087443.66999978,99.94172940663667
Pink Vintage Victorian Earrings,185.63,61087629.29999978,99.9420331054349
Drop Diamante Earrings Green,185.56,61087814.85999978,99.94233668971007
"Letter ""Z"" Bling Key Ring",184.62,61087999.47999978,99.94263873610413
Blue Painted Kashmiri Chair,184.35,61088183.82999978,99.94294034076638
5 Strand Glass Necklace Black,184.14000000000001,61088367.96999978,99.94324160185946
Pink Dog Cannister,183.8,61088551.76999978,99.94354230669767
French Chateau Oval Platter,183.75,61088735.51999978,99.94384292973368
Buttons And Stripes Notebook,183.17,61088918.68999978,99.94414260386432
Flower Burst Silver Ring Crystal,183.13,61089101.819999784,99.94444221255323
Pink Easter Hens+Flower,182.74,61089284.55999979,99.94474118318509
Wooden Box Advent Calendar,182.66000000000003,61089467.21999978,99.94504002293341
Midnight Blue Copper Flower Necklac,182.31,61089649.529999785,99.94533829006646
Army Camo Bookcover Tape,181.56,61089831.08999979,99.94563533016671
Pink Rosebud & Pearl Necklace,180.41,61090011.499999784,99.94593048881664
3 Black Cats W Hearts Blank Card,180.36,61090191.85999978,99.9462255656644
Black Drop Crystal Necklace,179.69,61090371.54999978,99.94651954636285
Amber Chunky Glass+Bead Necklace,179.64,61090551.18999978,99.94681344525912
Diamante Hair Grip Pack/2 Black Dia,179.6,61090730.78999978,99.94710727871364
Garden Path Notebook,179.1,61090909.889999785,99.9474002941463
Green Pendant Triple Shell Necklace,179.1,61091088.989999786,99.94769330957898
Green Stone/Crystal Earrings,178.4,61091267.389999785,99.947985179781
Classic Diamante Earrings Jet,178.35,61091445.739999786,99.94827696818086
Asstd Design Bubble Gum Ring,177.99,61091623.72999979,99.94856816760498
Envelope 50 Romantic Images,177.9,61091801.62999979,99.94885921978515
Black Sil't Squ Candle Plate,177.76000000000002,61091979.389999785,99.94915004291919
Amber Glass Tassle Bag Charm,177.74,61092157.12999979,99.94944083333239
Glass And Painted Beads Bracelet Ol,175.32999999999998,61092332.459999785,99.94972768088014
Filigree Diamante Earrings,174.94,61092507.39999978,99.95001389037087
Blue Glass Chunky Charm Bracelet,174.78000000000003,61092682.17999978,99.9502998380946
Cracked Glaze Necklace Red,174.39000000000001,61092856.569999784,99.95058514776127
Old Doc Russel Metal Sign,173.6,61093030.169999786,99.9508691649534
Murano Style Glass Bracelet Gold,172.46,61093202.62999979,99.95115131705568
Gold/Amber Drop Earrings W Leaf,172.34,61093374.96999979,99.95143327283269
Jade Green Enamel Hair Comb,172.22,61093547.18999979,99.95171503228445
Spots On Red Bookcover Tape,170.88,61093718.06999979,99.95199459943763
Elephant Clip W Suction Cup,170.88,61093888.949999794,99.95227416659078
Purple Gemstone Necklace 45cm,170.48,61094059.42999979,99.95255307932646
Black Vint Art Dec Crystal Necklace,170.46,61094229.88999979,99.95283195934125
Black Vintage Crystal Earrings,169.08,61094398.96999979,99.95310858161571
Set 10 Cards Cheerful Robin 17065,168.18,61094567.14999979,99.95338373145078
Midnight Blue Drop Crystal Necklace,167.82,61094734.96999979,99.95365829231012
Diamante Hair Grip Pack/2 Montana,167.47,61094902.43999979,99.95393228055417
Pink Felt Easter Egg Basket,167.16,61095069.599999785,99.95420576162465
Gold Diamante Star Brooch,167.02,61095236.61999979,99.95447901364899
Drop Diamante Earrings Black Diamon,166.5,61095403.11999979,99.95475141493061
Silver Black Orbit Drop Earrings,166.35,61095569.46999979,99.95502357080566
Silver Black Orbit Bracelet,165.76,61095735.22999979,99.95529476141492
Black 3 Bead Drop Earrings,164.35000000000002,61095899.57999979,99.9555636452025
Pink Murano Twist Necklace,163.66,61096063.239999786,99.95583140011992
Black Photo Album,161.39999999999998,61096224.639999785,99.95609545757847
Necklace+Bracelet Set Fruit Salad,161.01999999999998,61096385.65999979,99.95635889334044
Diamante Bow Brooch Black Colour,157.93,61096543.58999979,99.95661727372726
Dotcomgiftshop Tea Towel,156.9,61096700.489999786,99.95687396898903
Turq Pendant Triple Shell Necklace,156.07999999999998,61096856.569999784,99.95712932269493
Blue White Plastic Rings Lampshade,155.68,61097012.249999784,99.95738402198334
Diamond Las Vegas Necklace 45cm,155.46,61097167.709999785,99.95763836134215
Crochet Dog Keyring,155.22,61097322.92999978,99.95789230805045
Fire Polished Glass Bracelet Montan,155.07,61097477.999999784,99.95814600935218
Cream And Pink Flowers Pony,154.98999999999998,61097632.989999786,99.95839957977044
White Vintage Crystal Bracelet,154.53000000000003,61097787.51999979,99.95865239760856
Yuletide Images S/6 Paper Boxes,154.32,61097941.83999979,99.95890487187751
Vintage Enamel & Crystal Necklace,153.47,61098095.30999979,99.95915595550927
Mop Pendant Shell Necklace,153.35,61098248.65999979,99.9594068428158
"Flower Glass Garland Neckl36""Blue",153.29000000000002,61098401.94999979,99.95965763195969
Black Crystal Drop Earrings,153.13,61098555.07999979,99.95990815933659
Amethyst Hoop Earring Floral Leaf,151.86,61098706.93999979,99.96015660893794
The King Gift Bag 25x24x12cm,151.22,61098858.15999979,99.96040401147131
Mirrored Wall Art Foxy,150.11,61099008.26999979,99.96064959799614
Blue Hole Punch,149.89000000000001,61099158.15999979,99.96089482459134
Vintage Bead Pink Shade,149.89000000000001,61099308.04999979,99.96114005118653
"Flower Glass Garld Neckl36""Turquois",147.68,61099455.72999979,99.96138166212509
Zinc Heart Lattice Tray Oval,147.15,61099602.87999979,99.96162240596045
Turquoise Heart Of Glass Bracelet,147.02,61099749.89999979,99.96186293711014
Jet Black Las Vegas Necklace 45cm,146.86,61099896.75999979,99.96210320649283
Wine Bottle Dressing Ltblue,146.62,61100043.37999979,99.96234308322502
White/Pink Mini Crystals Necklace,146.61,61100189.989999786,99.96258294359679
White Murano Twist Bracelet,145.32,61100335.30999979,99.96282069347212
Riviera Necklace,144.13,61100479.43999979,99.96305649645542
Pink Small Jewelled Photoframe,143.28,61100622.71999979,99.96329090880154
White Vintage Crystal Earrings,142.13,61100764.84999979,99.96352343969737
Green Drop Earrings W Bead Cluster,141.61,61100906.45999979,99.96375511985046
Jet Black Las Vegas Bracelet Round,141.05,61101047.50999979,99.96398588381906
A4 Wall Tidy Red Flowers,140.79,61101188.29999979,99.96421622241628
Sweetheart Carry-All Basket,139.82999999999998,61101328.12999979,99.96444499041154
Blue Easter Egg Hunt Start Post,139.21,61101467.33999979,99.96467274405965
Cracked Glaze Necklace Ivory,139.09,61101606.42999979,99.96490030138254
3 Pink Hen+Chicks In Basket,138.36,61101744.78999979,99.9651266643935
Pink Flock Photo Frame,138.36,61101883.14999979,99.96535302740445
Set Of 6 Easter Rainbow Chicks,138.36,61102021.50999979,99.96557939041541
Silicon Star Bulb Blue,138.36,61102159.86999979,99.96580575342637
Pink Flock Suede Cushion Cover,138.35999999999999,61102298.22999979,99.96603211643732
Hand Painted Hanging Easter Egg,138.28000000000003,61102436.50999979,99.96625834856478
Resin Necklace W Pastel Beads,138.04000000000002,61102574.54999979,99.96648418804173
Black Cherry Lights,137.36,61102711.90999979,99.96670891500895
Blue Tiled Tray,137.36,61102849.26999979,99.96693364197618
Hanging Heart Basket,136.4,61102985.669999786,99.96715679834142
Bird On Branch Canvas Screen,134.75,61103120.419999786,99.9673772552345
Amber Bertie Glass Bead Bag Charm,134.31,61103254.72999979,99.96759699226833
Vintage Photo Album Paris Days,134.08,61103388.80999979,99.96781635301211
Folkart Zinc Star Christmas Dec,133.44,61103522.249999784,99.96803466668787
Blue Organdy Round Lampshade W Bea,133.44,61103655.68999978,99.96825298036366
Pink Boudoir T-Light Holder,133.44,61103789.12999978,99.96847129403945
Lilac Feathers Curtain,132.72,61103921.84999978,99.96868842976374
15 Pink Fluffy Chicks In Box,132.7,61104054.54999978,99.96890553276717
Ant Silver Purple Boudicca Ring,132.7,61104187.249999784,99.9691226357706
Happy Birthday Card Stripey Teddy,132.52,61104319.76999979,99.96933944428616
Set/3 Tall Glass Candle Holder Pink,132.46,61104452.22999979,99.9695561546391
Cupid Scented Candle In Glass,131.34,61104583.56999979,99.96977103262304
5 Strand Glass Necklace Amethyst,129.38,61104712.949999794,99.96998270396126
Set 6 Cards Sparkly Reindeer 17262,129.07,61104842.019999795,99.97019386812595
Ivory Pendant Triple Shell Necklace,129.05,61104971.06999979,99.97040499956974
Silver/Natural Shell Necklace,128.24,61105099.309999794,99.97061480581812
Set 10 Cards Perfect Post 17090,128.0,61105227.309999794,99.97082421941599
Modern Vintage Cotton Shopping Bag,127.96,61105355.269999795,99.97103356757212
Pink Butterfly Washbag,127.21,61105482.479999796,99.97124168869546
Glass And Beads Bracelet Ivory,126.75,61105609.229999796,99.97144905723867
Diamante Necklace Purple,125.58000000000001,61105734.809999794,99.9716545116107
Green Pop Art Mao Cushion Cover,125.28,61105860.089999795,99.97185947516962
Pink Gauze Butterfly Lampshade,124.28,61105984.369999796,99.97206280268482
Orange/Wht/Fuschia Stones Necklace,122.62,61106106.98999979,99.9722634143674
French Chateau Large Fruit Bowl,122.5,61106229.48999979,99.97246382972475
Tiny Crystal Bracelet Green,121.78,61106351.269999795,99.9726630671306
Set 10 Xmas Cards & Badges 17070,120.97000000000001,61106472.23999979,99.97286097934102
Dusty Pink Christmas Tree 60cm,119.43,61106591.66999979,99.97305637204411
Frog King Watering Can,119.42999999999999,61106711.09999979,99.97325176474719
Black Drop Earrings W Long Beads,118.19,61106829.28999979,99.97344512875604
"Letter ""W"" Bling Key Ring",117.98,61106947.26999979,99.97363814919571
Pink Christmas Flock Droplet,117.88,61107065.14999979,99.973831006031
Metal Base For Candles,117.47999999999999,61107182.62999979,99.97402320844881
Cute Rabbit Ceature Screen,117.14999999999999,61107299.779999785,99.97421487097216
Ivory Shell Heart Earrings,116.44999999999999,61107416.22999979,99.97440538826494
Black Gemstone Necklace 45cm,116.32,61107532.54999979,99.974595692872
Set 10 Cards Out Of Order 17216,115.41000000000001,61107647.959999785,99.97478450867926
Blue Teatime Print Bowl,115.3,61107763.25999978,99.97497314452173
White Rosebud & Pearl Necklace,114.00999999999999,61107877.26999978,99.97515966986778
New Baroque B'fly Necklace Red,113.13000000000001,61107990.39999978,99.97534475549533
Amber Glass/Shell/Pearl Necklace,112.61,61108103.00999978,99.97552899038016
Cherry Blossom Table Clock,112.34,61108215.349999785,99.97571278353318
"Letter ""O"" Bling Key Ring",112.19999999999999,61108327.54999979,99.97589634764007
Orange Flower Mug,111.78,61108439.32999979,99.9760792246086
Beaded Love Heart Jewellery Set,111.2,61108550.52999979,99.97626115267175
White Frangipani Hair Clip,111.2,61108661.729999796,99.97644308073492
Psychedelic Metal Sign Calendar,110.6,61108772.3299998,99.97662402717184
Flower Garland Necklace Red,110.4,61108882.729999796,99.9768046464
Montana Diamond Cluster Earrings,109.91,61108992.63999979,99.97698446396673
Drop Earrings W Flower & Leaf,109.47999999999999,61109102.11999979,99.97716357803466
The King Gift Bag,109.2,61109211.31999979,99.97734223401035
"Pearl & Shell 42""Neckl Green",106.22,61109317.53999979,99.97751601457571
Rabbit Easter Decoration,106.16,61109423.69999979,99.97768969697846
Fire Polished Glass Bracelet Red,104.73999999999998,61109528.43999979,99.97786105619909
Robin Christmas Card,102.72999999999999,61109631.169999786,99.97802912697182
Blue Flock Cushion Cover,102.47999999999999,61109733.64999978,99.97819678873361
Set 10 Cards Jingle Bells 16957,102.4,61109836.04999978,99.97836431961191
Antique Olive Green Flower Earrings,102.25,61109938.29999978,99.97853160508365
Pink Murano Twist Bracelet,102.25,61110040.54999978,99.97869889055539
Cracked Glaze Earrings Red,102.11,61110142.65999978,99.97886594698102
Set 10 Christmas Cards Hohoho 16956,101.98,61110244.63999978,99.97903279072095
Set 10 Cards Scottie Dog 17211,101.68,61110346.31999978,99.97919914364776
Hanging Butterfly Egg,100.08,61110446.399999775,99.97936287890458
Glass Bead Hoop Earrings Amethyst,100.0,61110546.399999775,99.97952648327792
Blue Stripes Shoulder Bag,99.9,61110646.29999977,99.9796899240469
Set 10 Card Christmas Welcome 17112,99.85,61110746.149999775,99.97985328301368
Purple Las Vegas Bracelet Round,98.63000000000001,61110844.77999978,99.98001464600712
Amber 3 Bead Drop Earrings,98.58,61110943.359999776,99.98017592719835
Gold Flower Cushion Cover,98.0,61111041.359999776,99.98033625948422
Blue Netting Storage Hanger,98.0,61111139.359999776,99.98049659177009
Blue Crusoe Check Lampshade,96.12,61111235.47999977,99.98065384829374
White Bird Garden Design Mug,95.96,61111331.439999774,99.9808108430504
Set 10 Cards Snowy Snowdrops 17100,95.79,61111427.22999977,99.98096755967963
Green/Blue Ceramic Candle Holder,95.52,61111522.74999978,99.98112383457706
New Baroque Small Necklace Black,94.44,61111617.189999774,99.98127834254723
Jade Crystal+Glass Bracelet,92.16,61111709.34999977,99.98142912033771
Cote D'azure Necklace,92.01,61111801.35999977,99.9815796527216
Lighthouse Printed Metal Sign,91.92,61111893.27999977,99.9817300378616
Enamel Blue Rim Tea Container,91.39999999999999,61111984.67999977,99.98187957225882
Pink New Baroque Flock Candlestick,90.12,61112074.799999766,99.98202701252006
Set 10 Cards Hats & Stockings 17081,89.84,61112164.63999977,99.98217399468909
5 Strand Glass Necklace Amber,89.57000000000001,61112254.20999977,99.98232053512629
White Heart Of Glass Bracelet,87.68,61112341.88999977,99.98246398344084
Fire Polished Glass Neckl Green,87.53,61112429.41999977,99.98260718634882
Purple Vintage Earrings,87.3,61112516.71999977,99.98275001296675
Pink/Amethyst/Gold Necklace,86.98,61112603.699999765,99.98289231605067
Classical Rose Table Lamp,86.16,61112689.85999976,99.98303327757874
Set/4 Garden Rose Dinner Candle,83.58,61112773.43999976,99.98317001811398
New Baroque B'fly Necklace Crystal,82.89,61112856.32999976,99.98330562977904
Yellow/Pink Ceramic Candle Holder,81.78999999999999,61112938.11999976,99.983439441796
Red Purse With Pink Heart,80.71,61113018.82999976,99.98357148688572
Maxwell 2 Tone Blue 60 Page Photo A,79.78999999999999,61113098.61999976,99.98370202681521
Ant Silver Turquoise Boudicca Ring,79.62,61113178.239999756,99.98383228861725
Round Cactus Candle,79.62,61113257.85999975,99.9839625504193
Glass Bead Hoop Earrings Black,79.58,61113337.43999975,99.98409274677961
Gingham Oven Glove Red Heart,78.39,61113415.82999975,99.98422099624787
Black Flower Candle Plate,77.84,61113493.669999756,99.98434834589207
Amber Fine Bead Necklace W Tassel,77.59,61113571.25999976,99.98447528652537
Black Fine Bead Necklace W Tassel,77.44,61113648.69999976,99.98460198175208
Fire Polished Glass Bracelet Black,76.65,61113725.349999756,99.98472738450424
Girly Pink Tool Set,76.6,61113801.94999976,99.98485270545423
Silver Looking Mirror,76.6,61113878.54999976,99.9849780264042
Orange Pendant Triple Shell Necklac,76.6,61113955.14999976,99.98510334735418
Set 10 Cards Wishing Tree 17116,76.08,61114031.22999976,99.98522781756142
Glass Bead Hoop Necklace Green,75.66,61114106.889999755,99.98535160063028
New Baroque B'fly Necklace Green,75.65,61114182.53999975,99.98547536733871
Pastel Pink Photo Album,75.32,61114257.85999975,99.98559859415272
Rasta In Bath W Spliff Ashtray,74.17,61114332.029999755,99.98571993951643
Champagne Tray Blank Card,73.92,61114405.94999976,99.98584087586921
Silver And Black Orbit Necklace,73.73,61114479.679999754,99.98596150137367
Asstd Rasta Key-Chains,73.67,61114553.349999756,99.9860820287155
"Flower Glass Garland Neckl36""Green",73.6,61114626.94999976,99.9862024415343
"Letter ""U"" Bling Key Ring",73.56,61114700.50999976,99.98632278891132
Midnight Blue Crystal Drop Earrings,73.4,61114773.90999976,99.98644287452136
Floral Blue Monster,73.05,61114846.959999755,99.98656238751607
Antique Mid Blue Flower Earrings,72.94,61114919.89999975,99.98668172054599
Antique Opal White Flower Earrings,72.92,61114992.819999754,99.98680102085503
Antique Raspberry Flower Earrings,72.72,61115065.53999975,99.98691999395533
Silicon Cube 25w Blue,72.58000000000001,61115138.11999975,99.98703873800949
Ivory Gold Metal Bag Charm,72.55,61115210.66999975,99.98715743298234
Silver/Nat Shell Necklace W Pendant,72.19000000000001,61115282.859999746,99.98727553897945
Diamante Necklace Black,71.88,61115354.73999975,99.98739313780302
Black Gemstone Bracelet,71.72,61115426.45999975,99.98751047485959
Dairy Maid Pudding Bowl,70.45,61115496.90999975,99.98762573414061
Clam Shell Large,70.45,61115567.35999975,99.98774099342162
New Baroque Black Boxes,69.96000000000001,61115637.319999754,99.98785545104121
Pink Cherry Blossom Cup & Saucer,69.17999999999999,61115706.499999754,99.9879686325467
Eight Piece Creepy Crawlie Set,69.17999999999999,61115775.679999754,99.98808181405217
Pink Cherry Lights,68.68,61115844.35999975,99.98819417753577
Pink Poodle Hanging Decoration,68.45,61115912.80999976,99.98830616472932
Copper And Brass Bag Charm,66.42,61115979.22999976,99.98841483075412
Crochet Rose Des Clothes Hanger,66.35,61116045.57999976,99.98852338225583
Black Diamond Cluster Necklace,65.29,61116110.86999976,99.98863019955118
Pink Tall Porcelain T-Light Holder,64.3,61116175.169999756,99.98873539716323
Freshwater Pearl Bracelet Ivory,64.25,61116239.419999756,99.9888405129731
Incense Bazaar Peach,64.08,61116303.499999754,99.98894535065554
Big Polkadot Mug,63.900000000000006,61116367.39999975,99.98904989385011
Set 10 Cards Jingle Bells 17217,63.730000000000004,61116431.12999975,99.98915415891723
Pearl And Cherry Quartz Braclet,62.1,61116493.22999975,99.98925575723308
Rose Pendant Triple Shell Necklace,61.86,61116555.08999975,99.98935696289843
Pale Pink/Amethyst Stone Necklace,61.349999999999994,61116616.43999975,99.98945733418147
Resin Bracelet W Pastel Beads,61.28,61116677.71999975,99.98955759094146
Purple Amethyst Necklace W Tassel,60.519999999999996,61116738.239999756,99.98965660430821
Glass Bead Hoop Earrings Green,60.120000000000005,61116798.35999975,99.98975496325745
Small Tahiti Beach Bag,60.08,61116858.43999975,99.98985325676496
Diamante Necklace Green,60.010000000000005,61116918.44999975,99.9899514357494
Heart Shaped Mirror,59.9,61116978.34999975,99.99004943476903
Set 10 Minicards Cute Snowman 17071,59.75,61117038.09999975,99.99014718838211
White Stone/Crystal Earrings,59.27,61117097.36999975,99.99024415669419
English Rose Scented Hanging Heart,58.44,61117155.80999975,99.99033976708996
Vintage Bead Pink Jewel Box,58.44,61117214.24999975,99.99043537748572
Turquoise Christmas Tree,57.65,61117271.899999745,99.99052969540696
"Pocket Mirror ""Glamorous""",57.65,61117329.54999974,99.99062401332819
Cracked Glaze Earrings Brown,57.48,61117387.02999974,99.990718053122
Tiny Crystal Bracelet Blue,57.47,61117444.49999974,99.99081207655534
Glass Bead Hoop Necklace Amethyst,56.88,61117501.37999974,99.99090513472291
Glass Bead Hoop Necklace Montana,56.7,61117558.079999745,99.9909978984026
Baroque Butterfly Earrings Crystal,56.32,61117614.399999745,99.99109004038566
S/4 Black Disco Partition Panel,56.25,61117670.649999745,99.99118206784566
Ubo-Light Triobase Purple,55.599999999999994,61117726.24999975,99.99127303187724
Mug Dotcomgiftshopcom,55.519999999999996,61117781.76999975,99.99136386502533
Chunky Cracked Glaze Necklace Ivory,55.3,61117837.06999975,99.99145433824377
Funky Flower Picnic Bag For 4,55.24,61117892.30999975,99.99154471329962
Pink/White Ribbed Melamine Jug,55.199999999999996,61117947.50999975,99.99163502291371
Set/3 Floral Garden Tools In Bag,55.199999999999996,61118002.709999755,99.99172533252779
Diamante Necklace,54.660000000000004,61118057.36999975,99.99181475867826
Set 10 Cards Magical Tree 17086,54.64,61118112.00999975,99.99190415210785
Hearts Wrapping Tape,54.6,61118166.60999975,99.9919934800957
Classic Diamante Necklace Jet,53.800000000000004,61118220.40999975,99.99208149924856
Set 10 Cards Christmas Tree 16955,53.36,61118273.76999975,99.99216879854217
Danish Rose Umbrella Stand,53.2,61118326.96999975,99.9922558360688
Blue Breakfast Cup And Saucer,53.08,61118380.04999975,99.99234267727016
Set 10 Cards 12 Days Of Xmas 17059,52.92,61118432.96999975,99.99242925670454
Happy Birthday Card Teddy/Cake,52.2,61118485.169999756,99.99251465818742
Cat With Sunglasses Blank Card,52.2,61118537.36999976,99.99260005967032
Set 10 Cards Xmas Choir 17068,52.07,61118589.43999976,99.99268524846751
Amethyst 3 Bead Drop Earrings,51.89,61118641.32999976,99.99277014277685
Montana Diamond Cluster Necklace,51.86,61118693.18999976,99.99285498800485
Cracked Glaze Earrings Ivory,51.23,61118744.419999756,99.9929388025253
Set 10 Cards Poinsettia 17093,51.2,61118795.61999976,99.99302256796447
Set 10 Card Perfect Nativity 17089,51.2,61118846.81999976,99.99310633340362
Glass Cake Cover And Plate,51.14,61118897.95999976,99.99319000068014
Purple/Blue Ceramic Candle Holder,51.12,61118949.07999976,99.9932736352358
Set 10 Card Snowman 16965,50.63,61118999.70999976,99.99335646813003
Set 10 Cards David's Madonna 17074,50.36,61119050.06999976,99.99343885929244
White Beaded Garland String 20light,50.28,61119100.34999976,99.99352111957135
Set 10 Cards Xmas Graphic 17218,49.94,61119150.28999976,99.9936028235954
Vintage Glass Tea Caddy,49.050000000000004,61119199.33999976,99.99368307154053
Fire Polished Glass Neckl Bronze,49.050000000000004,61119248.389999755,99.99376331948564
Large Round Cutglass Candlestick,48.32,61119296.709999755,99.99384237311884
Purple Anemone Artificial Flower,47.92,61119344.62999976,99.99392077233453
Set 10 Mini Santa & Snowman 17087,47.8,61119392.429999754,99.993998975225
Large Black Diamante Hairslide,47.76,61119440.18999975,99.99407711267371
Blue/Yellow Ceramic Candle Holder,47.76,61119487.94999975,99.99415525012242
Pink Combo Mini Crystals Necklace,47.46,61119535.40999975,99.99423289675799
3 Wick Christmas Briar Candle,47.11,61119582.51999975,99.99430997077827
Set Of 16 Vintage Ivory Cutlery,46.64,61119629.15999975,99.994386275858
Light Topaz Teal/Aqua Col Necklace,46.29,61119675.44999975,99.99446200832243
Curious Images Scrap Book Set,45.96,61119721.40999975,99.99453720089241
White With Metal Bag Charm,45.96,61119767.36999975,99.9946123934624
Green With Metal Bag Charm,45.96,61119813.32999975,99.99468758603238
Set 10 Cards Rudolphs Nose 17097,45.730000000000004,61119859.05999975,99.99476240231232
Set 10 Cards Filigree Bauble 16961,44.44,61119903.49999975,99.99483510809581
Silver/Black Pendant Orbit Necklace,43.75,61119947.24999975,99.99490668500916
Rose Flower Candle+Incense 16x16cm,42.66,61119989.90999974,99.99497647863483
"Pearl & Shell 42""Neckl Ivory",42.54,61120032.44999974,99.99504607593524
Bling Key Ring Stand,42.480000000000004,61120074.92999974,99.99511557507303
Baroque Butterfly Earrings Pink,42.21,61120117.13999974,99.99518463247902
White Silver Necklace Shell Glass,41.17,61120158.30999974,99.99525198839953
S/2 Beach Hut Treasure Chests,40.95,61120199.259999745,99.99531898439041
Capiz Chandelier,40.95,61120240.20999975,99.99538598038131
Giant Medina Stamped Metal Bowl,40.9,61120281.109999746,99.99545289457
Vintage Notebook Beauty Girl,39.81,61120320.91999975,99.99551802547103
Red Rose And Lace C/Cover,39.81,61120360.72999975,99.99558315637206
Folding Shoe Tidy,39.81,61120400.53999975,99.99564828727308
Black Diamond Cluster Earrings,39.78,61120440.319999754,99.9957133690928
Amber Crystal Drop Earrings,39.72,61120480.03999975,99.9957783527499
Purple Crystal Drop Earrings,39.72,61120519.75999975,99.99584333640699
Ubo-Light Triobase Blue,39.55,61120559.30999975,99.99590804193664
Large Tahiti Beach Bag,38.77,61120598.07999975,99.99597147135219
Freshwater Pearl Bracelet Gold,38.58,61120636.65999975,99.99603458991942
Set 10 Cards World Children 17067,38.400000000000006,61120675.05999975,99.99609741399878
Pink Leaves And Beads Phone Charm,38.36,61120713.41999975,99.9961601726364
Set 10 Cards Printed Graphic 17219,37.980000000000004,61120751.399999745,99.99622230957738
Glass Bead Hoop Necklace Black,37.92,61120789.31999975,99.99628434835574
New Baroque B'fly Necklace Pink,37.74,61120827.05999975,99.99634609264626
New Baroque B'fly Necklace Montana,37.730000000000004,61120864.789999746,99.99640782057631
Assorted Colour Silk Glasses Case,37.2,61120901.98999975,99.99646868140321
Set 10 Cards Christmas Robin 17095,37.14,61120939.12999975,99.99652944406746
Ocean Stripe Hammock,36.8,61120975.92999975,99.99658965047684
Blue Shark Helicopter,36.8,61121012.72999974,99.99664985688624
Pink Sweetie Necklace,36.0,61121048.72999974,99.99670875446064
Pink Allium Artificial Flower,35.94,61121084.66999974,99.99676755387242
Ruby Glass Cluster Necklace,35.88,61121120.54999974,99.99682625512156
Silver 2 Strand Necklace-Leaf Charm,35.88,61121156.42999975,99.99688495637072
Pink/White Glass Demi Choker,35.88,61121192.30999975,99.9969436576199
Set 10 Cards Christmas Holly 17259,35.21,61121227.51999975,99.99700126271975
Cracked Glaze Necklace Brown,35.0,61121262.51999975,99.99705852425042
Robot Mug In Display Box,34.589999999999996,61121297.10999975,99.99711511500315
Black Vint Art Dec Crystal Bracelet,34.34,61121331.44999976,99.99717129674498
Glass Bead Hoop Earrings Montana,33.74,61121365.18999976,99.99722649686055
Potting Shed Sow 'N' Grow Set,33.54,61121398.72999976,99.99728136976736
Blue Gingham Rose Cushion Cover,32.7,61121431.42999976,99.99733486839745
Pink Baroque Flock Candle Holder,32.7,61121464.129999764,99.99738836702753
Red Stone/Crystal Earrings,32.480000000000004,61121496.60999976,99.99744150572799
Blue/Green Shell Necklace W Pendant,32.25,61121528.85999976,99.9974942681384
M/Colour Pom-Pom Curtain,29.22,61121558.07999976,99.99754207333628
Opulent Velvet Set/3 Candles,29.14,61121587.21999976,99.99758974765068
Dr Jam's Arouzer Stress Ball,29.05,61121616.26999976,99.99763727472113
Purple Fine Bead Necklace W Tassel,28.39,61121644.65999976,99.99768372200272
Baroque Butterfly Earrings Black,28.18,61121672.83999976,99.99772982571513
White Dove Honeycomb Paper Garland,27.38,61121700.21999976,99.99777462059255
4 Gold Flock Christmas Balls,27.38,61121727.59999976,99.99781941546996
Amber Bertie Mobile Phone Charm,27.24,61121754.839999765,99.99786398130126
St George Set Of 10 Party Lights,26.54,61121781.379999764,99.99790740190195
Set 10 Card Christmas Stamps 16963,26.46,61121807.839999765,99.99795069161914
Brown Vintage Victorian Earrings,26.44,61121834.27999976,99.99799394861544
New England Mug W Gift Box,25.72,61121859.99999976,99.99803602766028
Polyester Filler Pad 60x40cm,25.72,61121885.71999976,99.9980781067051
Green Leaves And Beads Phone Charm,25.59,61121911.309999764,99.99811997306423
Purple Leaves And Beads Phone Char,25.59,61121936.89999977,99.99816183942339
Pink Beads+Hand Phone Charm,25.54,61121962.43999977,99.99820362398034
Gold Cosmetic Bag Pink Star,24.8,61121987.23999976,99.9982441978649
Light Decoration Battery Operated,24.8,61122012.03999976,99.9982847717495
Blue Leaves And Beads Phone Charm,24.35,61122036.38999976,99.99832460941441
White Anemone Artificial Flower,23.96,61122060.34999976,99.99836380902227
Purple/Turq Flowers Handbag,23.06,61122083.409999765,99.99840153619076
Filigree Diamante Chain,23.04,61122106.449999765,99.99843923063837
Pink Dolly Hair Clips,22.66,61122129.10999976,99.99847630338937
3 Birds Canvas Screen,22.59,61122151.699999765,99.9985132616173
Purple Chunky Glass+Bead Necklace,22.5,61122174.199999765,99.99855007260132
Laser Cut Multi Strand Necklace,22.5,61122196.699999765,99.99858688358532
60 Gold And Silver Fairy Cake Cases,21.62,61122218.31999976,99.99862225485083
Vintage Blue Tinsel Reel,21.36,61122239.67999976,99.99865720074497
White Christmas Tree 60cm,20.509999999999998,61122260.18999976,99.99869075600195
Set/4 2 Tone Egg Shape Mixing Bowls,20.45,61122280.63999976,99.9987242130963
Black Glass/Shell/Pearl Necklace,19.63,61122300.269999765,99.99875632863478
Set 10 Cards Hanging Baubles 17080,19.5,61122319.769999765,99.99878823148758
Set 10 Cards Robin Waterpump 17096,19.42,61122339.18999977,99.9988200034569
Green Crystal Drop Earrings,19.41,61122358.59999976,99.99885175906576
Set 10 Cards Deck The Halls 16960,18.990000000000002,61122377.589999765,99.99888282753625
Country Cottage Doorstop Green,18.93,61122396.519999765,99.99891379784412
Ocean Scent Candle Jewelled Drawer,18.93,61122415.449999765,99.998944768152
"Ruby Glass Necklace 42""",17.94,61122433.38999976,99.99897411877657
Blue/Nat Shell Necklace W Pendant,16.35,61122449.73999976,99.99900086809161
Fire Polished Glass Neckl Gold,16.35,61122466.089999765,99.99902761740665
Set Of 3 Pink Flying Ducks,15.84,61122481.92999977,99.99905353233942
Mummy Mouse Red Gingham Ribbon,15.84,61122497.76999977,99.99907944727215
Green Pendant Shell Necklace,15.47,61122513.23999977,99.9991047568687
Orange/Fuschia Stones Necklace,15.35,61122528.58999977,99.99912987014001
Blossom Images Scrap Book Set,15.32,61122543.90999977,99.99915493433001
Vintage Bead Pink Jewel Stand,15.32,61122559.22999977,99.99917999852
Lily Brooch White/Silver Colour,15.32,61122574.54999977,99.99920506271
Blue New Baroque Flock Candlestick,15.02,61122589.56999978,99.9992296360869
Blue Padded Soft Mobile,14.61,61122604.179999776,99.99925353868583
Cake Stand Lace White,14.61,61122618.789999776,99.99927744128476
Large Heart Flowers Hook,14.48,61122633.26999977,99.99930113119802
Set 10 Cards Swirly Xmas Tree 17104,14.48,61122647.74999977,99.99932482111129
Baroque Butterfly Earrings Montana,14.07,61122661.81999977,99.99934784024661
Baroque Butterfly Earrings Red,14.07,61122675.88999977,99.99937085938194
Watering Can Single Hook Pistachio,13.69,61122689.57999977,99.99939325682065
Keep Out Girls Door Hanger,13.69,61122703.269999765,99.99941565425935
Gardeners Kneeling Pad,13.69,61122716.95999976,99.99943805169806
Pink Bertie Mobile Phone Charm,13.69,61122730.64999976,99.99946044913678
Set 10 Cards Christmas Bauble 16954,13.66,61122744.30999976,99.99948279749415
Blue Drop Earrings W Bead Cluster,13.65,61122757.959999755,99.99950512949111
Set 10 Cards Triangle Icons 17220,13.23,61122771.18999975,99.9995267743497
Set 10 Cards 3 Wise Men 17107,13.23,61122784.41999975,99.9995484192083
Necklace+Bracelet Set Pink Daisy,12.86,61122797.27999975,99.99956945873072
Pink Feather Christmas Decoration,12.82,61122810.09999975,99.99959043281137
Tiny Crystal Bracelet Red,12.79,61122822.88999975,99.99961135781072
Dolphin Windmill,12.42,61122835.30999975,99.9996316774739
Scallop Shell Soap Dish,12.4,61122847.70999975,99.99965196441619
Tea Time Breakfast Basket,12.4,61122860.109999746,99.99967225135846
Set/6 Ivory Bird T-Light Candles,12.4,61122872.509999745,99.99969253830076
Gold Cosmetics Bag With Butterfly,12.4,61122884.90999974,99.99971282524305
Pink Polkadot Kids Bag,12.25,61122897.15999974,99.99973286677879
Set Of Three Vintage Gift Wraps,12.25,61122909.40999974,99.99975290831452
Easter Craft Ivy Wreath With Chick,12.25,61122921.65999974,99.99977294985025
Blue Crystal Boot Phone Charm,11.95,61122933.609999746,99.99979250057288
Flower Shop Design Mug,11.94,61122945.54999974,99.99981203493505
Blackchristmas Tree 30cm,11.53,61122957.079999745,99.99983089851929
Etched Glass Star Tree Decoration,11.53,61122968.609999746,99.99984976210354
Dusty Pink Christmas Tree 30cm,11.53,61122980.13999975,99.99986862568781
Orange Felt Vase + Flowers,11.53,61122991.66999975,99.99988748927206
Funky Monkey Mug,11.53,61123003.19999975,99.9999063528563
Wire Flower T-Light Holder,11.53,61123014.72999975,99.99992521644054
Pack 4 Flower/Butterfly Patches,11.53,61123026.25999975,99.99994408002479
Pink Crystal Guitar Phone Charm,11.12,61123037.37999975,99.99996227283111
Hen House W Chick In Nest,10.68,61123048.05999975,99.99997974577818
Crochet Lilac/Red Bear Keyring,6.19,61123054.24999975,99.99998987288888
Set 10 Cards Snowy Robin 17099,6.19,61123060.439999744,99.99999999999959
